"../../../Engine/Plugins/Animation/ACLPlugin/Content/ACLAnimCurveCompressionSettings.uasset" 0
"../../../Engine/Plugins/Animation/ACLPlugin/Content/ACLAnimCurveCompressionSettings.uexp" 1
"../../../Engine/Plugins/Animation/ACLPlugin/Content/ACLAnimBoneCompressionSettings.uasset" 2
"../../../Engine/Plugins/Animation/ACLPlugin/Content/ACLAnimBoneCompressionSettings.uexp" 3
"../../../Engine/Plugins/2D/Paper2D/Content/PlaceholderTextures/DummySpriteTexture.ubulk" 4
"../../../Engine/Plugins/2D/Paper2D/Content/PlaceholderTextures/DummySpriteTexture.uasset" 5
"../../../Engine/Plugins/2D/Paper2D/Content/PlaceholderTextures/DummySpriteTexture.uexp" 6
"../../../Engine/Plugins/2D/Paper2D/Content/DummySprite.uasset" 7
"../../../Engine/Plugins/2D/Paper2D/Content/DummySprite.uexp" 8
"../../../Engine/Plugins/2D/Paper2D/Content/DefaultPaperTerrainMaterial.uasset" 9
"../../../Engine/Plugins/2D/Paper2D/Content/DefaultPaperTerrainMaterial.uexp" 10
"../../../Engine/Plugins/Interchange/Runtime/Content/Pipelines/DefaultTexturePipeline.uasset" 11
"../../../Engine/Plugins/Interchange/Runtime/Content/Pipelines/DefaultTexturePipeline.uexp" 12
"../../../Engine/Plugins/Interchange/Runtime/Content/Pipelines/DefaultSceneLevelPipeline.uasset" 13
"../../../Engine/Plugins/Interchange/Runtime/Content/Pipelines/DefaultSceneLevelPipeline.uexp" 14
"../../../Engine/Plugins/Interchange/Runtime/Content/Pipelines/DefaultSceneAssetsPipeline.uasset" 15
"../../../Engine/Plugins/Interchange/Runtime/Content/Pipelines/DefaultSceneAssetsPipeline.uexp" 16
"../../../Engine/Plugins/Interchange/Runtime/Content/Pipelines/DefaultMaterialXPipeline.uasset" 17
"../../../Engine/Plugins/Interchange/Runtime/Content/Pipelines/DefaultMaterialXPipeline.uexp" 18
"../../../Engine/Plugins/Interchange/Runtime/Content/Pipelines/DefaultMaterialPipeline.uasset" 19
"../../../Engine/Plugins/Interchange/Runtime/Content/Pipelines/DefaultMaterialPipeline.uexp" 20
"../../../Engine/Plugins/Interchange/Runtime/Content/Pipelines/DefaultGLTFSceneAssetsPipeline.uasset" 21
"../../../Engine/Plugins/Interchange/Runtime/Content/Pipelines/DefaultGLTFSceneAssetsPipeline.uexp" 22
"../../../Engine/Plugins/Interchange/Runtime/Content/Pipelines/DefaultGLTFPipeline.uasset" 23
"../../../Engine/Plugins/Interchange/Runtime/Content/Pipelines/DefaultGLTFPipeline.uexp" 24
"../../../Engine/Plugins/Interchange/Runtime/Content/Pipelines/DefaultGLTFAssetsPipeline.uasset" 25
"../../../Engine/Plugins/Interchange/Runtime/Content/Pipelines/DefaultGLTFAssetsPipeline.uexp" 26
"../../../Engine/Plugins/Interchange/Runtime/Content/Pipelines/DefaultAssetsPipeline.uasset" 27
"../../../Engine/Plugins/Interchange/Runtime/Content/Pipelines/DefaultAssetsPipeline.uexp" 28
"../../../Engine/Plugins/Animation/ControlRig/Content/Controls/DefaultGizmoLibraryNormalized.uasset" 29
"../../../Engine/Plugins/Animation/ControlRig/Content/Controls/DefaultGizmoLibraryNormalized.uexp" 30
"../../../Engine/Content/EngineSounds/Master.uasset" 31
"../../../Engine/Content/EngineSounds/Master.uexp" 32
"../../../Engine/Content/EngineFonts/Faces/RobotoLight.uexp" 33
"../../../Engine/Content/EngineFonts/Faces/RobotoLight.uasset" 34
"../../../Engine/Content/EngineFonts/Faces/RobotoLight.ufont" 35
"../../../Engine/Content/EngineFonts/Faces/RobotoBold.uexp" 36
"../../../Engine/Content/EngineFonts/Faces/RobotoBold.uasset" 37
"../../../Engine/Content/EngineFonts/Faces/RobotoBold.ufont" 38
"../../../Engine/Content/EngineFonts/Faces/RobotoRegular.uexp" 39
"../../../Engine/Content/EngineFonts/Faces/RobotoRegular.uasset" 40
"../../../Engine/Content/EngineFonts/Faces/RobotoRegular.ufont" 41
"../../../Engine/Content/EngineFonts/Faces/DroidSansFallback.uexp" 42
"../../../Engine/Content/EngineFonts/Faces/DroidSansFallback.uasset" 43
"../../../Engine/Content/EngineFonts/Faces/DroidSansFallback.ufont" 44
"../../../Engine/Content/EngineFonts/Faces/RobotoItalic.uexp" 45
"../../../Engine/Content/EngineFonts/Faces/RobotoItalic.uasset" 46
"../../../Engine/Content/EngineFonts/Faces/RobotoItalic.ufont" 47
"../../../Engine/Content/EngineFonts/Faces/RobotoBoldItalic.uexp" 48
"../../../Engine/Content/EngineFonts/Faces/RobotoBoldItalic.uasset" 49
"../../../Engine/Content/EngineFonts/Faces/RobotoBoldItalic.ufont" 50
"../../../Engine/Content/EngineFonts/Roboto.uasset" 51
"../../../Engine/Content/EngineFonts/Roboto.uexp" 52
"../../../Engine/Content/Maps/Templates/HLODs/HLODLayer_Merged.uasset" 53
"../../../Engine/Content/Maps/Templates/HLODs/HLODLayer_Merged.uexp" 54
"../../../Engine/Content/Maps/Templates/HLODs/HLODLayer_Instanced.uasset" 55
"../../../Engine/Content/Maps/Templates/HLODs/HLODLayer_Instanced.uexp" 56
"../../../Engine/Content/EditorResources/S_Actor.ubulk" 57
"../../../Engine/Content/EditorResources/S_Actor.uasset" 58
"../../../Engine/Content/EditorResources/S_Actor.uexp" 59
"../../../Engine/Plugins/Runtime/AudioWidgets/Content/Resources/ScrubHandleDown_Clamped.uasset" 60
"../../../Engine/Plugins/Runtime/AudioWidgets/Content/Resources/ScrubHandleDown_Clamped.uexp" 61
"../../../Engine/Content/EngineResources/GradientTexture0.uasset" 62
"../../../Engine/Content/EngineResources/GradientTexture0.uexp" 63
"../../../Engine/Content/EngineResources/DefaultTexture.ubulk" 64
"../../../Engine/Content/EngineResources/DefaultTexture.uasset" 65
"../../../Engine/Content/EngineResources/DefaultTexture.uexp" 66
"../../../Engine/Content/EngineResources/Black.uasset" 67
"../../../Engine/Content/EngineResources/Black.uexp" 68
"../../../Engine/Content/EngineMaterials/PreintegratedSkinBRDF.uasset" 69
"../../../Engine/Content/EngineMaterials/PreintegratedSkinBRDF.uexp" 70
"../../../Engine/Content/EngineMaterials/MiniFont.uasset" 71
"../../../Engine/Content/EngineMaterials/MiniFont.uexp" 72
"../../../Engine/Content/EngineMaterials/FastBlueNoise_vec2_128x128x64.uasset" 73
"../../../Engine/Content/EngineMaterials/FastBlueNoise_vec2_128x128x64.uexp" 74
"../../../Engine/Content/EngineMaterials/FastBlueNoise_scalar_128x128x64.uasset" 75
"../../../Engine/Content/EngineMaterials/FastBlueNoise_scalar_128x128x64.uexp" 76
"../../../Engine/Content/EngineMaterials/DefaultWhiteGrid.ubulk" 77
"../../../Engine/Content/EngineMaterials/DefaultWhiteGrid.uasset" 78
"../../../Engine/Content/EngineMaterials/DefaultWhiteGrid.uexp" 79
"../../../Engine/Content/EngineMaterials/DefaultBokeh.uasset" 80
"../../../Engine/Content/EngineMaterials/DefaultBokeh.uexp" 81
"../../../Engine/Content/EngineMaterials/DefaultBloomKernel.uasset" 82
"../../../Engine/Content/EngineMaterials/DefaultBloomKernel.uexp" 83
"../../../Engine/Content/EngineDamageTypes/DmgTypeBP_Environmental.uasset" 84
"../../../Engine/Content/EngineDamageTypes/DmgTypeBP_Environmental.uexp" 85
"../../../Engine/Content/EditorResources/S_TriggerSphere.uasset" 86
"../../../Engine/Content/EditorResources/S_TriggerSphere.uexp" 87
"../../../Engine/Content/EditorResources/S_TriggerCapsule.uasset" 88
"../../../Engine/Content/EditorResources/S_TriggerCapsule.uexp" 89
"../../../Engine/Content/EditorResources/S_TriggerBox.uasset" 90
"../../../Engine/Content/EditorResources/S_TriggerBox.uexp" 91
"../../../Engine/Content/EditorResources/S_Trigger.ubulk" 92
"../../../Engine/Content/EditorResources/S_Trigger.uasset" 93
"../../../Engine/Content/EditorResources/S_Trigger.uexp" 94
"../../../Engine/Content/EditorResources/S_Terrain.ubulk" 95
"../../../Engine/Content/EditorResources/S_Terrain.uasset" 96
"../../../Engine/Content/EditorResources/S_Terrain.uexp" 97
"../../../Engine/Content/EditorResources/S_Solver.ubulk" 98
"../../../Engine/Content/EditorResources/S_Solver.uasset" 99
"../../../Engine/Content/EditorResources/S_Solver.uexp" 100
"../../../Engine/Content/EditorResources/S_BoxReflectionCapture.uasset" 101
"../../../Engine/Content/EditorResources/S_BoxReflectionCapture.uexp" 102
"../../../Engine/Content/EditorResources/EmptyActor.uasset" 103
"../../../Engine/Content/EditorResources/EmptyActor.uexp" 104
"../../../Engine/Content/EditorResources/BSPVertex.uasset" 105
"../../../Engine/Content/EditorResources/BSPVertex.uexp" 106
"../../../Engine/Content/EditorLandscapeResources/DefaultAlphaTexture.uasset" 107
"../../../Engine/Content/EditorLandscapeResources/DefaultAlphaTexture.uexp" 108
"../../../Engine/Content/EngineResources/FilmGrains/Marcie_Grain_v3_128_M2_000.uasset" 109
"../../../Engine/Content/EngineResources/FilmGrains/Marcie_Grain_v3_128_M2_000.uexp" 110
"../../../Engine/Content/EngineMaterials/LTC/Sheen_LTC.uasset" 111
"../../../Engine/Content/EngineMaterials/LTC/Sheen_LTC.uexp" 112
"../../../Engine/Content/EngineMaterials/LTC/GGX_LTCMat.uasset" 113
"../../../Engine/Content/EngineMaterials/LTC/GGX_LTCMat.uexp" 114
"../../../Engine/Content/EngineMaterials/LTC/GGX_LTCAmp.uasset" 115
"../../../Engine/Content/EngineMaterials/LTC/GGX_LTCAmp.uexp" 116
"../../../Engine/Content/EngineMaterials/EnergyConservation/Sheen_Energy.uasset" 117
"../../../Engine/Content/EngineMaterials/EnergyConservation/Sheen_Energy.uexp" 118
"../../../Engine/Content/EngineMaterials/EnergyConservation/SheenLegacy_Energy.uasset" 119
"../../../Engine/Content/EngineMaterials/EnergyConservation/SheenLegacy_Energy.uexp" 120
"../../../Engine/Content/EngineMaterials/EnergyConservation/GGX_TransmissionEnergyArray.uasset" 121
"../../../Engine/Content/EngineMaterials/EnergyConservation/GGX_TransmissionEnergyArray.uexp" 122
"../../../Engine/Content/EngineMaterials/EnergyConservation/GGX_ReflectionEnergy.uasset" 123
"../../../Engine/Content/EngineMaterials/EnergyConservation/GGX_ReflectionEnergy.uexp" 124
"../../../Engine/Content/EngineMaterials/EnergyConservation/Diffuse_Energy.uasset" 125
"../../../Engine/Content/EngineMaterials/EnergyConservation/Diffuse_Energy.uexp" 126
"../../../Engine/Content/EditorResources/SequenceRecorder/RecordingIndicator.uasset" 127
"../../../Engine/Content/EditorResources/SequenceRecorder/RecordingIndicator.uexp" 128
"../../../Engine/Content/EditorResources/SequenceRecorder/Countdown.uasset" 129
"../../../Engine/Content/EditorResources/SequenceRecorder/Countdown.uexp" 130
"../../../Engine/Content/EditorMaterials/ParticleSystems/PSysThumbnail_OOD.ubulk" 131
"../../../Engine/Content/EditorMaterials/ParticleSystems/PSysThumbnail_OOD.uasset" 132
"../../../Engine/Content/EditorMaterials/ParticleSystems/PSysThumbnail_OOD.uexp" 133
"../../../Engine/Content/EditorMaterials/ParticleSystems/PSysThumbnail_NoImage.ubulk" 134
"../../../Engine/Content/EditorMaterials/ParticleSystems/PSysThumbnail_NoImage.uasset" 135
"../../../Engine/Content/EditorMaterials/ParticleSystems/PSysThumbnail_NoImage.uexp" 136
"C:/Users/Anthony/Documents/GitHub/GrimoireRepo/WizardDOOMClone/Content/GameContent/Input/Actions/IA_LightningBolt.uasset" 137
"C:/Users/Anthony/Documents/GitHub/GrimoireRepo/WizardDOOMClone/Content/GameContent/Input/Actions/IA_LightningBolt.uexp" 138
"C:/Users/Anthony/Documents/GitHub/GrimoireRepo/WizardDOOMClone/Content/GameContent/Sounds/RockSpawnSFX.ubulk" 139
"C:/Users/Anthony/Documents/GitHub/GrimoireRepo/WizardDOOMClone/Content/GameContent/Sounds/RockSpawnSFX.uasset" 140
"C:/Users/Anthony/Documents/GitHub/GrimoireRepo/WizardDOOMClone/Content/GameContent/Sounds/RockSpawnSFX.uexp" 141
"C:/Users/Anthony/Documents/GitHub/GrimoireRepo/WizardDOOMClone/Content/GameContent/Import/Models/SideRockWall/standardSurface1_albedo.ubulk" 142
"C:/Users/Anthony/Documents/GitHub/GrimoireRepo/WizardDOOMClone/Content/GameContent/Import/Models/SideRockWall/standardSurface1_albedo.uasset" 143
"C:/Users/Anthony/Documents/GitHub/GrimoireRepo/WizardDOOMClone/Content/GameContent/Import/Models/SideRockWall/standardSurface1_albedo.uexp" 144
"C:/Users/Anthony/Documents/GitHub/GrimoireRepo/WizardDOOMClone/Content/GameContent/Import/Models/SideRockWall/standardSurface1_AO.ubulk" 145
"C:/Users/Anthony/Documents/GitHub/GrimoireRepo/WizardDOOMClone/Content/GameContent/Import/Models/SideRockWall/standardSurface1_AO.uasset" 146
"C:/Users/Anthony/Documents/GitHub/GrimoireRepo/WizardDOOMClone/Content/GameContent/Import/Models/SideRockWall/standardSurface1_AO.uexp" 147
"C:/Users/Anthony/Documents/GitHub/GrimoireRepo/WizardDOOMClone/Content/GameContent/Import/Models/SideRockWall/standardSurface1_metallic.ubulk" 148
"C:/Users/Anthony/Documents/GitHub/GrimoireRepo/WizardDOOMClone/Content/GameContent/Import/Models/SideRockWall/standardSurface1_metallic.uasset" 149
"C:/Users/Anthony/Documents/GitHub/GrimoireRepo/WizardDOOMClone/Content/GameContent/Import/Models/SideRockWall/standardSurface1_metallic.uexp" 150
"C:/Users/Anthony/Documents/GitHub/GrimoireRepo/WizardDOOMClone/Content/GameContent/Import/Models/SideRockWall/standardSurface1_roughness.ubulk" 151
"C:/Users/Anthony/Documents/GitHub/GrimoireRepo/WizardDOOMClone/Content/GameContent/Import/Models/SideRockWall/standardSurface1_roughness.uasset" 152
"C:/Users/Anthony/Documents/GitHub/GrimoireRepo/WizardDOOMClone/Content/GameContent/Import/Models/SideRockWall/standardSurface1_roughness.uexp" 153
"C:/Users/Anthony/Documents/GitHub/GrimoireRepo/WizardDOOMClone/Content/GameContent/Import/Models/SideRockWall/standardSurface1_normal.ubulk" 154
"C:/Users/Anthony/Documents/GitHub/GrimoireRepo/WizardDOOMClone/Content/GameContent/Import/Models/SideRockWall/standardSurface1_normal.uasset" 155
"C:/Users/Anthony/Documents/GitHub/GrimoireRepo/WizardDOOMClone/Content/GameContent/Import/Models/SideRockWall/standardSurface1_normal.uexp" 156
"C:/Users/Anthony/Documents/GitHub/GrimoireRepo/WizardDOOMClone/Content/GameContent/Import/Models/SideRockWall/M_SideRockWall.uasset" 157
"C:/Users/Anthony/Documents/GitHub/GrimoireRepo/WizardDOOMClone/Content/GameContent/Import/Models/SideRockWall/M_SideRockWall.uexp" 158
"C:/Users/Anthony/Documents/GitHub/GrimoireRepo/WizardDOOMClone/Content/GameContent/Import/Models/SideRockWall/SM_SideRockWall.ubulk" 159
"C:/Users/Anthony/Documents/GitHub/GrimoireRepo/WizardDOOMClone/Content/GameContent/Import/Models/SideRockWall/SM_SideRockWall.uasset" 160
"C:/Users/Anthony/Documents/GitHub/GrimoireRepo/WizardDOOMClone/Content/GameContent/Import/Models/SideRockWall/SM_SideRockWall.uexp" 161
"C:/Users/Anthony/Documents/GitHub/GrimoireRepo/WizardDOOMClone/Content/GameContent/Import/Models/standardSurface1_roughness.ubulk" 162
"C:/Users/Anthony/Documents/GitHub/GrimoireRepo/WizardDOOMClone/Content/GameContent/Import/Models/standardSurface1_roughness.uasset" 163
"C:/Users/Anthony/Documents/GitHub/GrimoireRepo/WizardDOOMClone/Content/GameContent/Import/Models/standardSurface1_roughness.uexp" 164
"C:/Users/Anthony/Documents/GitHub/GrimoireRepo/WizardDOOMClone/Content/GameContent/Import/Models/standardSurface1_metallic.ubulk" 165
"C:/Users/Anthony/Documents/GitHub/GrimoireRepo/WizardDOOMClone/Content/GameContent/Import/Models/standardSurface1_metallic.uasset" 166
"C:/Users/Anthony/Documents/GitHub/GrimoireRepo/WizardDOOMClone/Content/GameContent/Import/Models/standardSurface1_metallic.uexp" 167
"C:/Users/Anthony/Documents/GitHub/GrimoireRepo/WizardDOOMClone/Content/GameContent/Import/Models/standardSurface1_AO.ubulk" 168
"C:/Users/Anthony/Documents/GitHub/GrimoireRepo/WizardDOOMClone/Content/GameContent/Import/Models/standardSurface1_AO.uasset" 169
"C:/Users/Anthony/Documents/GitHub/GrimoireRepo/WizardDOOMClone/Content/GameContent/Import/Models/standardSurface1_AO.uexp" 170
"C:/Users/Anthony/Documents/GitHub/GrimoireRepo/WizardDOOMClone/Content/GameContent/Import/Models/standardSurface1_normal.ubulk" 171
"C:/Users/Anthony/Documents/GitHub/GrimoireRepo/WizardDOOMClone/Content/GameContent/Import/Models/standardSurface1_normal.uasset" 172
"C:/Users/Anthony/Documents/GitHub/GrimoireRepo/WizardDOOMClone/Content/GameContent/Import/Models/standardSurface1_normal.uexp" 173
"C:/Users/Anthony/Documents/GitHub/GrimoireRepo/WizardDOOMClone/Content/GameContent/Import/Models/standardSurface1_albedo.ubulk" 174
"C:/Users/Anthony/Documents/GitHub/GrimoireRepo/WizardDOOMClone/Content/GameContent/Import/Models/standardSurface1_albedo.uasset" 175
"C:/Users/Anthony/Documents/GitHub/GrimoireRepo/WizardDOOMClone/Content/GameContent/Import/Models/standardSurface1_albedo.uexp" 176
"C:/Users/Anthony/Documents/GitHub/GrimoireRepo/WizardDOOMClone/Content/GameContent/Import/Models/M_RockWallMiddle.uasset" 177
"C:/Users/Anthony/Documents/GitHub/GrimoireRepo/WizardDOOMClone/Content/GameContent/Import/Models/M_RockWallMiddle.uexp" 178
"C:/Users/Anthony/Documents/GitHub/GrimoireRepo/WizardDOOMClone/Content/GameContent/Import/Models/SM_RockWallMiddle.ubulk" 179
"C:/Users/Anthony/Documents/GitHub/GrimoireRepo/WizardDOOMClone/Content/GameContent/Import/Models/SM_RockWallMiddle.uasset" 180
"C:/Users/Anthony/Documents/GitHub/GrimoireRepo/WizardDOOMClone/Content/GameContent/Import/Models/SM_RockWallMiddle.uexp" 181
"C:/Users/Anthony/Documents/GitHub/GrimoireRepo/WizardDOOMClone/Content/GameContent/Sounds/rock-destroy.ubulk" 182
"C:/Users/Anthony/Documents/GitHub/GrimoireRepo/WizardDOOMClone/Content/GameContent/Sounds/rock-destroy.uasset" 183
"C:/Users/Anthony/Documents/GitHub/GrimoireRepo/WizardDOOMClone/Content/GameContent/Sounds/rock-destroy.uexp" 184
"C:/Users/Anthony/Documents/GitHub/GrimoireRepo/WizardDOOMClone/Content/GameContent/Blueprints/Spells/BP_RockWallSegment.uasset" 185
"C:/Users/Anthony/Documents/GitHub/GrimoireRepo/WizardDOOMClone/Content/GameContent/Blueprints/Spells/BP_RockWallSegment.uexp" 186
"C:/Users/Anthony/Documents/GitHub/GrimoireRepo/WizardDOOMClone/Content/GameContent/Materials/MAT_EmissiveBase.uasset" 187
"C:/Users/Anthony/Documents/GitHub/GrimoireRepo/WizardDOOMClone/Content/GameContent/Materials/MAT_EmissiveBase.uexp" 188
"C:/Users/Anthony/Documents/GitHub/GrimoireRepo/WizardDOOMClone/Content/GameContent/Materials/MaterialInstances/MI_FreezingIcicle.uasset" 189
"C:/Users/Anthony/Documents/GitHub/GrimoireRepo/WizardDOOMClone/Content/GameContent/Materials/MaterialInstances/MI_FreezingIcicle.uexp" 190
"C:/Users/Anthony/Documents/GitHub/GrimoireRepo/WizardDOOMClone/Content/GameContent/Sounds/IcicleImpactSFX.ubulk" 191
"C:/Users/Anthony/Documents/GitHub/GrimoireRepo/WizardDOOMClone/Content/GameContent/Sounds/IcicleImpactSFX.uasset" 192
"C:/Users/Anthony/Documents/GitHub/GrimoireRepo/WizardDOOMClone/Content/GameContent/Sounds/IcicleImpactSFX.uexp" 193
"C:/Users/Anthony/Documents/GitHub/GrimoireRepo/WizardDOOMClone/Content/GameContent/Textures/TEX_Snowflake.uasset" 194
"C:/Users/Anthony/Documents/GitHub/GrimoireRepo/WizardDOOMClone/Content/GameContent/Textures/TEX_Snowflake.uexp" 195
"C:/Users/Anthony/Documents/GitHub/GrimoireRepo/WizardDOOMClone/Content/GameContent/Materials/M_SnowflakeParticle.uasset" 196
"C:/Users/Anthony/Documents/GitHub/GrimoireRepo/WizardDOOMClone/Content/GameContent/Materials/M_SnowflakeParticle.uexp" 197
"C:/Users/Anthony/Documents/GitHub/GrimoireRepo/WizardDOOMClone/Content/GameContent/Blueprints/Particles/NA_FreezingIcicleParticles.uasset" 198
"C:/Users/Anthony/Documents/GitHub/GrimoireRepo/WizardDOOMClone/Content/GameContent/Blueprints/Particles/NA_FreezingIcicleParticles.uexp" 199
"../../../Engine/Plugins/FX/Niagara/Content/DefaultAssets/DefaultSpriteMaterial.uasset" 200
"../../../Engine/Plugins/FX/Niagara/Content/DefaultAssets/DefaultSpriteMaterial.uexp" 201
"C:/Users/Anthony/Documents/GitHub/GrimoireRepo/WizardDOOMClone/Content/GameContent/Blueprints/Particles/NA_MagicMissileParticles.uasset" 202
"C:/Users/Anthony/Documents/GitHub/GrimoireRepo/WizardDOOMClone/Content/GameContent/Blueprints/Particles/NA_MagicMissileParticles.uexp" 203
"C:/Users/Anthony/Documents/GitHub/GrimoireRepo/WizardDOOMClone/Content/GameContent/Blueprints/Particles/BP_ProjectileParticleFollower.uasset" 204
"C:/Users/Anthony/Documents/GitHub/GrimoireRepo/WizardDOOMClone/Content/GameContent/Blueprints/Particles/BP_ProjectileParticleFollower.uexp" 205
"C:/Users/Anthony/Documents/GitHub/GrimoireRepo/WizardDOOMClone/Content/GameContent/Blueprints/Particles/BP_FreezingIcicleFollower.uasset" 206
"C:/Users/Anthony/Documents/GitHub/GrimoireRepo/WizardDOOMClone/Content/GameContent/Blueprints/Particles/BP_FreezingIcicleFollower.uexp" 207
"C:/Users/Anthony/Documents/GitHub/GrimoireRepo/WizardDOOMClone/Content/GameContent/Sounds/EnemySwooshSFX.ubulk" 208
"C:/Users/Anthony/Documents/GitHub/GrimoireRepo/WizardDOOMClone/Content/GameContent/Sounds/EnemySwooshSFX.uasset" 209
"C:/Users/Anthony/Documents/GitHub/GrimoireRepo/WizardDOOMClone/Content/GameContent/Sounds/EnemySwooshSFX.uexp" 210
"C:/Users/Anthony/Documents/GitHub/GrimoireRepo/WizardDOOMClone/Content/GameContent/Materials/MaterialInstances/MI_EmissiveMagicMissile.uasset" 211
"C:/Users/Anthony/Documents/GitHub/GrimoireRepo/WizardDOOMClone/Content/GameContent/Materials/MaterialInstances/MI_EmissiveMagicMissile.uexp" 212
"C:/Users/Anthony/Documents/GitHub/GrimoireRepo/WizardDOOMClone/Content/FPWeapon/Materials/BaseMaterial.uasset" 213
"C:/Users/Anthony/Documents/GitHub/GrimoireRepo/WizardDOOMClone/Content/FPWeapon/Materials/BaseMaterial.uexp" 214
"C:/Users/Anthony/Documents/GitHub/GrimoireRepo/WizardDOOMClone/Content/FPWeapon/Materials/FirstPersonProjectileMaterial.uasset" 215
"C:/Users/Anthony/Documents/GitHub/GrimoireRepo/WizardDOOMClone/Content/FPWeapon/Materials/FirstPersonProjectileMaterial.uexp" 216
"C:/Users/Anthony/Documents/GitHub/GrimoireRepo/WizardDOOMClone/Content/FPWeapon/Mesh/FirstPersonProjectileMesh.ubulk" 217
"C:/Users/Anthony/Documents/GitHub/GrimoireRepo/WizardDOOMClone/Content/FPWeapon/Mesh/FirstPersonProjectileMesh.uasset" 218
"C:/Users/Anthony/Documents/GitHub/GrimoireRepo/WizardDOOMClone/Content/FPWeapon/Mesh/FirstPersonProjectileMesh.uexp" 219
"C:/Users/Anthony/Documents/GitHub/GrimoireRepo/WizardDOOMClone/Content/GameContent/Blueprints/Spells/EnemyProjectiles/BP_EnemyProjectileBase.uasset" 220
"C:/Users/Anthony/Documents/GitHub/GrimoireRepo/WizardDOOMClone/Content/GameContent/Blueprints/Spells/EnemyProjectiles/BP_EnemyProjectileBase.uexp" 221
"C:/Users/Anthony/Documents/GitHub/GrimoireRepo/WizardDOOMClone/Content/GameContent/Sounds/RetaliateSuccessfulSFX.ubulk" 222
"C:/Users/Anthony/Documents/GitHub/GrimoireRepo/WizardDOOMClone/Content/GameContent/Sounds/RetaliateSuccessfulSFX.uasset" 223
"C:/Users/Anthony/Documents/GitHub/GrimoireRepo/WizardDOOMClone/Content/GameContent/Sounds/RetaliateSuccessfulSFX.uexp" 224
"C:/Users/Anthony/Documents/GitHub/GrimoireRepo/WizardDOOMClone/Content/GameContent/Blueprints/Spells/BP_RetaliateBarrier.uasset" 225
"C:/Users/Anthony/Documents/GitHub/GrimoireRepo/WizardDOOMClone/Content/GameContent/Blueprints/Spells/BP_RetaliateBarrier.uexp" 226
"C:/Users/Anthony/Documents/GitHub/GrimoireRepo/WizardDOOMClone/Content/GameContent/Blueprints/Enemies/BP_DamageBox.uasset" 227
"C:/Users/Anthony/Documents/GitHub/GrimoireRepo/WizardDOOMClone/Content/GameContent/Blueprints/Enemies/BP_DamageBox.uexp" 228
"C:/Users/Anthony/Documents/GitHub/GrimoireRepo/WizardDOOMClone/Content/GameContent/Sounds/EnemyAttackCueSFX.ubulk" 229
"C:/Users/Anthony/Documents/GitHub/GrimoireRepo/WizardDOOMClone/Content/GameContent/Sounds/EnemyAttackCueSFX.uasset" 230
"C:/Users/Anthony/Documents/GitHub/GrimoireRepo/WizardDOOMClone/Content/GameContent/Sounds/EnemyAttackCueSFX.uexp" 231
"C:/Users/Anthony/Documents/GitHub/GrimoireRepo/WizardDOOMClone/Content/GameContent/Blueprints/Enemies/BTTasks/BTTask_Attack.uasset" 232
"C:/Users/Anthony/Documents/GitHub/GrimoireRepo/WizardDOOMClone/Content/GameContent/Blueprints/Enemies/BTTasks/BTTask_Attack.uexp" 233
"C:/Users/Anthony/Documents/GitHub/GrimoireRepo/WizardDOOMClone/Content/GameContent/Blueprints/Enemies/BTTasks/BTTask_Move.uasset" 234
"C:/Users/Anthony/Documents/GitHub/GrimoireRepo/WizardDOOMClone/Content/GameContent/Blueprints/Enemies/BTTasks/BTTask_Move.uexp" 235
"C:/Users/Anthony/Documents/GitHub/GrimoireRepo/WizardDOOMClone/Content/GameContent/Blueprints/Enemies/BB_Enemy.uasset" 236
"C:/Users/Anthony/Documents/GitHub/GrimoireRepo/WizardDOOMClone/Content/GameContent/Blueprints/Enemies/BB_Enemy.uexp" 237
"C:/Users/Anthony/Documents/GitHub/GrimoireRepo/WizardDOOMClone/Content/GameContent/Blueprints/Enemies/BT_Enemy.uasset" 238
"C:/Users/Anthony/Documents/GitHub/GrimoireRepo/WizardDOOMClone/Content/GameContent/Blueprints/Enemies/BT_Enemy.uexp" 239
"C:/Users/Anthony/Documents/GitHub/GrimoireRepo/WizardDOOMClone/Content/GameContent/Blueprints/Enemies/AIControllers/BP_EnemyAiControllerBase.uasset" 240
"C:/Users/Anthony/Documents/GitHub/GrimoireRepo/WizardDOOMClone/Content/GameContent/Blueprints/Enemies/AIControllers/BP_EnemyAiControllerBase.uexp" 241
"C:/Users/Anthony/Documents/GitHub/GrimoireRepo/WizardDOOMClone/Content/GameContent/Materials/MAT_FreezeOverlay.uasset" 242
"C:/Users/Anthony/Documents/GitHub/GrimoireRepo/WizardDOOMClone/Content/GameContent/Materials/MAT_FreezeOverlay.uexp" 243
"../../../Engine/Content/EngineMaterials/T_Default_Material_Grid_M.ubulk" 244
"../../../Engine/Content/EngineMaterials/T_Default_Material_Grid_M.uasset" 245
"../../../Engine/Content/EngineMaterials/T_Default_Material_Grid_M.uexp" 246
"../../../Engine/Content/EngineMaterials/T_Default_Material_Grid_N.ubulk" 247
"../../../Engine/Content/EngineMaterials/T_Default_Material_Grid_N.uasset" 248
"../../../Engine/Content/EngineMaterials/T_Default_Material_Grid_N.uexp" 249
"../../../Engine/Content/Functions/Engine_MaterialFunctions01/Opacity/CameraDepthFade.uasset" 250
"../../../Engine/Content/Functions/Engine_MaterialFunctions01/Opacity/CameraDepthFade.uexp" 251
"../../../Engine/Content/EngineMaterials/WorldGridMaterial.uasset" 252
"../../../Engine/Content/EngineMaterials/WorldGridMaterial.uexp" 253
"../../../Engine/Content/BasicShapes/Cube.ubulk" 254
"../../../Engine/Content/BasicShapes/Cube.uasset" 255
"../../../Engine/Content/BasicShapes/Cube.uexp" 256
"../../../Engine/Content/BasicShapes/BasicShapeMaterial.uasset" 257
"../../../Engine/Content/BasicShapes/BasicShapeMaterial.uexp" 258
"C:/Users/Anthony/Documents/GitHub/GrimoireRepo/WizardDOOMClone/Content/GameContent/Blueprints/LevelMechanics/BP_ArenaDoor.uasset" 259
"C:/Users/Anthony/Documents/GitHub/GrimoireRepo/WizardDOOMClone/Content/GameContent/Blueprints/LevelMechanics/BP_ArenaDoor.uexp" 260
"C:/Users/Anthony/Documents/GitHub/GrimoireRepo/WizardDOOMClone/Content/GameContent/Blueprints/Enemies/AIControllers/BP_SkeletonController.uasset" 261
"C:/Users/Anthony/Documents/GitHub/GrimoireRepo/WizardDOOMClone/Content/GameContent/Blueprints/Enemies/AIControllers/BP_SkeletonController.uexp" 262
"C:/Users/Anthony/Documents/GitHub/GrimoireRepo/WizardDOOMClone/Content/GameContent/Blueprints/Enemies/BP_Enemy_Skeleton.uasset" 263
"C:/Users/Anthony/Documents/GitHub/GrimoireRepo/WizardDOOMClone/Content/GameContent/Blueprints/Enemies/BP_Enemy_Skeleton.uexp" 264
"C:/Users/Anthony/Documents/GitHub/GrimoireRepo/WizardDOOMClone/Content/GameContent/Materials/MAT_MatteBase.uasset" 265
"C:/Users/Anthony/Documents/GitHub/GrimoireRepo/WizardDOOMClone/Content/GameContent/Materials/MAT_MatteBase.uexp" 266
"C:/Users/Anthony/Documents/GitHub/GrimoireRepo/WizardDOOMClone/Content/GameContent/Materials/MaterialInstances/MI_MatteOrange.uasset" 267
"C:/Users/Anthony/Documents/GitHub/GrimoireRepo/WizardDOOMClone/Content/GameContent/Materials/MaterialInstances/MI_MatteOrange.uexp" 268
"C:/Users/Anthony/Documents/GitHub/GrimoireRepo/WizardDOOMClone/Content/GameContent/Blueprints/Enemies/Spawners/BP_EnemySpawnerBase.uasset" 269
"C:/Users/Anthony/Documents/GitHub/GrimoireRepo/WizardDOOMClone/Content/GameContent/Blueprints/Enemies/Spawners/BP_EnemySpawnerBase.uexp" 270
"C:/Users/Anthony/Documents/GitHub/GrimoireRepo/WizardDOOMClone/Content/GameContent/Blueprints/Enemies/Spawners/BP_Wave3Spawner.uasset" 271
"C:/Users/Anthony/Documents/GitHub/GrimoireRepo/WizardDOOMClone/Content/GameContent/Blueprints/Enemies/Spawners/BP_Wave3Spawner.uexp" 272
"C:/Users/Anthony/Documents/GitHub/GrimoireRepo/WizardDOOMClone/Content/GameContent/Blueprints/Enemies/Spawners/BP_Wave1Spawner.uasset" 273
"C:/Users/Anthony/Documents/GitHub/GrimoireRepo/WizardDOOMClone/Content/GameContent/Blueprints/Enemies/Spawners/BP_Wave1Spawner.uexp" 274
"C:/Users/Anthony/Documents/GitHub/GrimoireRepo/WizardDOOMClone/Content/GameContent/Blueprints/Enemies/Spawners/BP_Wave2Spawner.uasset" 275
"C:/Users/Anthony/Documents/GitHub/GrimoireRepo/WizardDOOMClone/Content/GameContent/Blueprints/Enemies/Spawners/BP_Wave2Spawner.uexp" 276
"C:/Users/Anthony/Documents/GitHub/GrimoireRepo/WizardDOOMClone/Content/GameContent/Blueprints/Core/BP_EnemyManager.uasset" 277
"C:/Users/Anthony/Documents/GitHub/GrimoireRepo/WizardDOOMClone/Content/GameContent/Blueprints/Core/BP_EnemyManager.uexp" 278
"C:/Users/Anthony/Documents/GitHub/GrimoireRepo/WizardDOOMClone/Content/GameContent/Blueprints/Enemies/BP_EnemyBase.uasset" 279
"C:/Users/Anthony/Documents/GitHub/GrimoireRepo/WizardDOOMClone/Content/GameContent/Blueprints/Enemies/BP_EnemyBase.uexp" 280
"C:/Users/Anthony/Documents/GitHub/GrimoireRepo/WizardDOOMClone/Content/GameContent/Blueprints/Spells/BP_FreezingIcicle.uasset" 281
"C:/Users/Anthony/Documents/GitHub/GrimoireRepo/WizardDOOMClone/Content/GameContent/Blueprints/Spells/BP_FreezingIcicle.uexp" 282
"C:/Users/Anthony/Documents/GitHub/GrimoireRepo/WizardDOOMClone/Content/GameContent/Textures/UIIcons/TEX_background.uasset" 283
"C:/Users/Anthony/Documents/GitHub/GrimoireRepo/WizardDOOMClone/Content/GameContent/Textures/UIIcons/TEX_background.uexp" 284
"C:/Users/Anthony/Documents/GitHub/GrimoireRepo/WizardDOOMClone/Content/GameContent/Blueprints/HUDStuff/WB_KeySpacer.uasset" 285
"C:/Users/Anthony/Documents/GitHub/GrimoireRepo/WizardDOOMClone/Content/GameContent/Blueprints/HUDStuff/WB_KeySpacer.uexp" 286
"C:/Users/Anthony/Documents/GitHub/GrimoireRepo/WizardDOOMClone/Content/GameContent/Textures/UIIcons/TEX_book_ui.uasset" 287
"C:/Users/Anthony/Documents/GitHub/GrimoireRepo/WizardDOOMClone/Content/GameContent/Textures/UIIcons/TEX_book_ui.uexp" 288
"C:/Users/Anthony/Documents/GitHub/GrimoireRepo/WizardDOOMClone/Content/GameContent/Blueprints/HUDStuff/WB_SpellSpacer.uasset" 289
"C:/Users/Anthony/Documents/GitHub/GrimoireRepo/WizardDOOMClone/Content/GameContent/Blueprints/HUDStuff/WB_SpellSpacer.uexp" 290
"C:/Users/Anthony/Documents/GitHub/GrimoireRepo/WizardDOOMClone/Content/GameContent/Textures/UIIcons/TEX_healthbar.ubulk" 291
"C:/Users/Anthony/Documents/GitHub/GrimoireRepo/WizardDOOMClone/Content/GameContent/Textures/UIIcons/TEX_healthbar.uasset" 292
"C:/Users/Anthony/Documents/GitHub/GrimoireRepo/WizardDOOMClone/Content/GameContent/Textures/UIIcons/TEX_healthbar.uexp" 293
"C:/Users/Anthony/Documents/GitHub/GrimoireRepo/WizardDOOMClone/Content/GameContent/Materials/M_HealthBarMat.uasset" 294
"C:/Users/Anthony/Documents/GitHub/GrimoireRepo/WizardDOOMClone/Content/GameContent/Materials/M_HealthBarMat.uexp" 295
"C:/Users/Anthony/Documents/GitHub/GrimoireRepo/WizardDOOMClone/Content/GameContent/Textures/UIIcons/TEX_Crosshair.uasset" 296
"C:/Users/Anthony/Documents/GitHub/GrimoireRepo/WizardDOOMClone/Content/GameContent/Textures/UIIcons/TEX_Crosshair.uexp" 297
"C:/Users/Anthony/Documents/GitHub/GrimoireRepo/WizardDOOMClone/Content/GameContent/Blueprints/HUDStuff/WB_MainPlayerHUD.uasset" 298
"C:/Users/Anthony/Documents/GitHub/GrimoireRepo/WizardDOOMClone/Content/GameContent/Blueprints/HUDStuff/WB_MainPlayerHUD.uexp" 299
"C:/Users/Anthony/Documents/GitHub/GrimoireRepo/WizardDOOMClone/Content/GameContent/Blueprints/HUDStuff/BP_PlayerHUD.uasset" 300
"C:/Users/Anthony/Documents/GitHub/GrimoireRepo/WizardDOOMClone/Content/GameContent/Blueprints/HUDStuff/BP_PlayerHUD.uexp" 301
"C:/Users/Anthony/Documents/GitHub/GrimoireRepo/WizardDOOMClone/Content/GameContent/Blueprints/Core/BP_FirstPersonGameMode.uasset" 302
"C:/Users/Anthony/Documents/GitHub/GrimoireRepo/WizardDOOMClone/Content/GameContent/Blueprints/Core/BP_FirstPersonGameMode.uexp" 303
"C:/Users/Anthony/Documents/GitHub/GrimoireRepo/WizardDOOMClone/Content/GameContent/Materials/MAT_SuperSeeThroughBase.uasset" 304
"C:/Users/Anthony/Documents/GitHub/GrimoireRepo/WizardDOOMClone/Content/GameContent/Materials/MAT_SuperSeeThroughBase.uexp" 305
"C:/Users/Anthony/Documents/GitHub/GrimoireRepo/WizardDOOMClone/Content/GameContent/Materials/MaterialInstances/MI_SeeThroughCyan.uasset" 306
"C:/Users/Anthony/Documents/GitHub/GrimoireRepo/WizardDOOMClone/Content/GameContent/Materials/MaterialInstances/MI_SeeThroughCyan.uexp" 307
"C:/Users/Anthony/Documents/GitHub/GrimoireRepo/WizardDOOMClone/Content/GameContent/Blueprints/Core/BP_SpellLogger.uasset" 308
"C:/Users/Anthony/Documents/GitHub/GrimoireRepo/WizardDOOMClone/Content/GameContent/Blueprints/Core/BP_SpellLogger.uexp" 309
"C:/Users/Anthony/Documents/GitHub/GrimoireRepo/WizardDOOMClone/Content/GameContent/Blueprints/LevelMechanics/BP_Checkpoint.uasset" 310
"C:/Users/Anthony/Documents/GitHub/GrimoireRepo/WizardDOOMClone/Content/GameContent/Blueprints/LevelMechanics/BP_Checkpoint.uexp" 311
"C:/Users/Anthony/Documents/GitHub/GrimoireRepo/WizardDOOMClone/Content/GameContent/Blueprints/Particles/NA_FireballParticles.uasset" 312
"C:/Users/Anthony/Documents/GitHub/GrimoireRepo/WizardDOOMClone/Content/GameContent/Blueprints/Particles/NA_FireballParticles.uexp" 313
"C:/Users/Anthony/Documents/GitHub/GrimoireRepo/WizardDOOMClone/Content/GameContent/Blueprints/Particles/BP_FireballFollower.uasset" 314
"C:/Users/Anthony/Documents/GitHub/GrimoireRepo/WizardDOOMClone/Content/GameContent/Blueprints/Particles/BP_FireballFollower.uexp" 315
"C:/Users/Anthony/Documents/GitHub/GrimoireRepo/WizardDOOMClone/Content/GameContent/Blueprints/Particles/NA_FireballExplosion.uasset" 316
"C:/Users/Anthony/Documents/GitHub/GrimoireRepo/WizardDOOMClone/Content/GameContent/Blueprints/Particles/NA_FireballExplosion.uexp" 317
"C:/Users/Anthony/Documents/GitHub/GrimoireRepo/WizardDOOMClone/Content/GameContent/Sounds/explosion-fx-343683.ubulk" 318
"C:/Users/Anthony/Documents/GitHub/GrimoireRepo/WizardDOOMClone/Content/GameContent/Sounds/explosion-fx-343683.uasset" 319
"C:/Users/Anthony/Documents/GitHub/GrimoireRepo/WizardDOOMClone/Content/GameContent/Sounds/explosion-fx-343683.uexp" 320
"C:/Users/Anthony/Documents/GitHub/GrimoireRepo/WizardDOOMClone/Content/GameContent/Blueprints/Spells/BP_FireballExplosion.uasset" 321
"C:/Users/Anthony/Documents/GitHub/GrimoireRepo/WizardDOOMClone/Content/GameContent/Blueprints/Spells/BP_FireballExplosion.uexp" 322
"C:/Users/Anthony/Documents/GitHub/GrimoireRepo/WizardDOOMClone/Content/GameContent/Blueprints/Spells/BP_Fireball.uasset" 323
"C:/Users/Anthony/Documents/GitHub/GrimoireRepo/WizardDOOMClone/Content/GameContent/Blueprints/Spells/BP_Fireball.uexp" 324
"C:/Users/Anthony/Documents/GitHub/GrimoireRepo/WizardDOOMClone/Content/GameContent/Blueprints/HUDStuff/WB_KeyIconGreen.uasset" 325
"C:/Users/Anthony/Documents/GitHub/GrimoireRepo/WizardDOOMClone/Content/GameContent/Blueprints/HUDStuff/WB_KeyIconGreen.uexp" 326
"C:/Users/Anthony/Documents/GitHub/GrimoireRepo/WizardDOOMClone/Content/GameContent/Input/Actions/IA_Shoot.uasset" 327
"C:/Users/Anthony/Documents/GitHub/GrimoireRepo/WizardDOOMClone/Content/GameContent/Input/Actions/IA_Shoot.uexp" 328
"C:/Users/Anthony/Documents/GitHub/GrimoireRepo/WizardDOOMClone/Content/GameContent/Input/Actions/IA_Retaliate.uasset" 329
"C:/Users/Anthony/Documents/GitHub/GrimoireRepo/WizardDOOMClone/Content/GameContent/Input/Actions/IA_Retaliate.uexp" 330
"C:/Users/Anthony/Documents/GitHub/GrimoireRepo/WizardDOOMClone/Content/GameContent/Blueprints/HUDStuff/WB_KeyIconRed.uasset" 331
"C:/Users/Anthony/Documents/GitHub/GrimoireRepo/WizardDOOMClone/Content/GameContent/Blueprints/HUDStuff/WB_KeyIconRed.uexp" 332
"C:/Users/Anthony/Documents/GitHub/GrimoireRepo/WizardDOOMClone/Content/GameContent/Input/Actions/IA_Jump.uasset" 333
"C:/Users/Anthony/Documents/GitHub/GrimoireRepo/WizardDOOMClone/Content/GameContent/Input/Actions/IA_Jump.uexp" 334
"C:/Users/Anthony/Documents/GitHub/GrimoireRepo/WizardDOOMClone/Content/GameContent/Input/Actions/IA_Look.uasset" 335
"C:/Users/Anthony/Documents/GitHub/GrimoireRepo/WizardDOOMClone/Content/GameContent/Input/Actions/IA_Look.uexp" 336
"C:/Users/Anthony/Documents/GitHub/GrimoireRepo/WizardDOOMClone/Content/GameContent/Input/Actions/DebugIA/IA_GetAllSpells.uasset" 337
"C:/Users/Anthony/Documents/GitHub/GrimoireRepo/WizardDOOMClone/Content/GameContent/Input/Actions/DebugIA/IA_GetAllSpells.uexp" 338
"C:/Users/Anthony/Documents/GitHub/GrimoireRepo/WizardDOOMClone/Content/GameContent/Input/Actions/IA_Heal.uasset" 339
"C:/Users/Anthony/Documents/GitHub/GrimoireRepo/WizardDOOMClone/Content/GameContent/Input/Actions/IA_Heal.uexp" 340
"C:/Users/Anthony/Documents/GitHub/GrimoireRepo/WizardDOOMClone/Content/GameContent/Input/Actions/IA_WindDash.uasset" 341
"C:/Users/Anthony/Documents/GitHub/GrimoireRepo/WizardDOOMClone/Content/GameContent/Input/Actions/IA_WindDash.uexp" 342
"C:/Users/Anthony/Documents/GitHub/GrimoireRepo/WizardDOOMClone/Content/GameContent/Input/Actions/IA_Move.uasset" 343
"C:/Users/Anthony/Documents/GitHub/GrimoireRepo/WizardDOOMClone/Content/GameContent/Input/Actions/IA_Move.uexp" 344
"C:/Users/Anthony/Documents/GitHub/GrimoireRepo/WizardDOOMClone/Content/GameContent/Input/IMC_Default.uasset" 345
"C:/Users/Anthony/Documents/GitHub/GrimoireRepo/WizardDOOMClone/Content/GameContent/Input/IMC_Default.uexp" 346
"C:/Users/Anthony/Documents/GitHub/GrimoireRepo/WizardDOOMClone/Content/GameContent/Textures/SpellIcons/TEX_FreezingIcicle.ubulk" 347
"C:/Users/Anthony/Documents/GitHub/GrimoireRepo/WizardDOOMClone/Content/GameContent/Textures/SpellIcons/TEX_FreezingIcicle.uasset" 348
"C:/Users/Anthony/Documents/GitHub/GrimoireRepo/WizardDOOMClone/Content/GameContent/Textures/SpellIcons/TEX_FreezingIcicle.uexp" 349
"C:/Users/Anthony/Documents/GitHub/GrimoireRepo/WizardDOOMClone/Content/GameContent/Blueprints/HUDStuff/SpellIcons/WB_SpellIconFreezingIcicle.uasset" 350
"C:/Users/Anthony/Documents/GitHub/GrimoireRepo/WizardDOOMClone/Content/GameContent/Blueprints/HUDStuff/SpellIcons/WB_SpellIconFreezingIcicle.uexp" 351
"C:/Users/Anthony/Documents/GitHub/GrimoireRepo/WizardDOOMClone/Content/GameContent/Input/Actions/IA_FreezingIcicle.uasset" 352
"C:/Users/Anthony/Documents/GitHub/GrimoireRepo/WizardDOOMClone/Content/GameContent/Input/Actions/IA_FreezingIcicle.uexp" 353
"C:/Users/Anthony/Documents/GitHub/GrimoireRepo/WizardDOOMClone/Content/GameContent/Textures/SpellIcons/TEX_Retaliate.ubulk" 354
"C:/Users/Anthony/Documents/GitHub/GrimoireRepo/WizardDOOMClone/Content/GameContent/Textures/SpellIcons/TEX_Retaliate.uasset" 355
"C:/Users/Anthony/Documents/GitHub/GrimoireRepo/WizardDOOMClone/Content/GameContent/Textures/SpellIcons/TEX_Retaliate.uexp" 356
"C:/Users/Anthony/Documents/GitHub/GrimoireRepo/WizardDOOMClone/Content/GameContent/Blueprints/HUDStuff/SpellIcons/WB_SpellIconRetaliate.uasset" 357
"C:/Users/Anthony/Documents/GitHub/GrimoireRepo/WizardDOOMClone/Content/GameContent/Blueprints/HUDStuff/SpellIcons/WB_SpellIconRetaliate.uexp" 358
"C:/Users/Anthony/Documents/GitHub/GrimoireRepo/WizardDOOMClone/Content/GameContent/Blueprints/HUDStuff/WB_KeyIconBlue.uasset" 359
"C:/Users/Anthony/Documents/GitHub/GrimoireRepo/WizardDOOMClone/Content/GameContent/Blueprints/HUDStuff/WB_KeyIconBlue.uexp" 360
"C:/Users/Anthony/Documents/GitHub/GrimoireRepo/WizardDOOMClone/Content/GameContent/Sounds/IcicleShootSFX.ubulk" 361
"C:/Users/Anthony/Documents/GitHub/GrimoireRepo/WizardDOOMClone/Content/GameContent/Sounds/IcicleShootSFX.uasset" 362
"C:/Users/Anthony/Documents/GitHub/GrimoireRepo/WizardDOOMClone/Content/GameContent/Sounds/IcicleShootSFX.uexp" 363
"C:/Users/Anthony/Documents/GitHub/GrimoireRepo/WizardDOOMClone/Content/FirstPersonArms/Character/Textures/Manny/T_Manny_02_N.ubulk" 364
"C:/Users/Anthony/Documents/GitHub/GrimoireRepo/WizardDOOMClone/Content/FirstPersonArms/Character/Textures/Manny/T_Manny_02_N.uasset" 365
"C:/Users/Anthony/Documents/GitHub/GrimoireRepo/WizardDOOMClone/Content/FirstPersonArms/Character/Textures/Manny/T_Manny_02_N.uexp" 366
"C:/Users/Anthony/Documents/GitHub/GrimoireRepo/WizardDOOMClone/Content/FirstPersonArms/Character/Textures/Manny/T_Manny_02_BN.ubulk" 367
"C:/Users/Anthony/Documents/GitHub/GrimoireRepo/WizardDOOMClone/Content/FirstPersonArms/Character/Textures/Manny/T_Manny_02_BN.uasset" 368
"C:/Users/Anthony/Documents/GitHub/GrimoireRepo/WizardDOOMClone/Content/FirstPersonArms/Character/Textures/Manny/T_Manny_02_BN.uexp" 369
"C:/Users/Anthony/Documents/GitHub/GrimoireRepo/WizardDOOMClone/Content/FirstPersonArms/Character/Textures/Manny/T_Manny_02_ASAOPMASK_MSK.ubulk" 370
"C:/Users/Anthony/Documents/GitHub/GrimoireRepo/WizardDOOMClone/Content/FirstPersonArms/Character/Textures/Manny/T_Manny_02_ASAOPMASK_MSK.uasset" 371
"C:/Users/Anthony/Documents/GitHub/GrimoireRepo/WizardDOOMClone/Content/FirstPersonArms/Character/Textures/Manny/T_Manny_02_ASAOPMASK_MSK.uexp" 372
"C:/Users/Anthony/Documents/GitHub/GrimoireRepo/WizardDOOMClone/Content/FirstPersonArms/Character/Textures/Manny/T_Manny_01_ASAOPMASK_MSK.ubulk" 373
"C:/Users/Anthony/Documents/GitHub/GrimoireRepo/WizardDOOMClone/Content/FirstPersonArms/Character/Textures/Manny/T_Manny_01_ASAOPMASK_MSK.uasset" 374
"C:/Users/Anthony/Documents/GitHub/GrimoireRepo/WizardDOOMClone/Content/FirstPersonArms/Character/Textures/Manny/T_Manny_01_ASAOPMASK_MSK.uexp" 375
"C:/Users/Anthony/Documents/GitHub/GrimoireRepo/WizardDOOMClone/Content/FirstPersonArms/Character/Textures/Manny/T_Manny_01_CCRCCPlastic_MSK.ubulk" 376
"C:/Users/Anthony/Documents/GitHub/GrimoireRepo/WizardDOOMClone/Content/FirstPersonArms/Character/Textures/Manny/T_Manny_01_CCRCCPlastic_MSK.uasset" 377
"C:/Users/Anthony/Documents/GitHub/GrimoireRepo/WizardDOOMClone/Content/FirstPersonArms/Character/Textures/Manny/T_Manny_01_CCRCCPlastic_MSK.uexp" 378
"C:/Users/Anthony/Documents/GitHub/GrimoireRepo/WizardDOOMClone/Content/FirstPersonArms/Character/Textures/Manny/T_Manny_01_Tan.ubulk" 379
"C:/Users/Anthony/Documents/GitHub/GrimoireRepo/WizardDOOMClone/Content/FirstPersonArms/Character/Textures/Manny/T_Manny_01_Tan.uasset" 380
"C:/Users/Anthony/Documents/GitHub/GrimoireRepo/WizardDOOMClone/Content/FirstPersonArms/Character/Textures/Manny/T_Manny_01_Tan.uexp" 381
"C:/Users/Anthony/Documents/GitHub/GrimoireRepo/WizardDOOMClone/Content/FirstPersonArms/Character/Textures/Manny/T_Manny_01_BN.ubulk" 382
"C:/Users/Anthony/Documents/GitHub/GrimoireRepo/WizardDOOMClone/Content/FirstPersonArms/Character/Textures/Manny/T_Manny_01_BN.uasset" 383
"C:/Users/Anthony/Documents/GitHub/GrimoireRepo/WizardDOOMClone/Content/FirstPersonArms/Character/Textures/Manny/T_Manny_01_BN.uexp" 384
"C:/Users/Anthony/Documents/GitHub/GrimoireRepo/WizardDOOMClone/Content/FirstPersonArms/Character/Textures/Manny/T_Manny_01_MSR_MSK.ubulk" 385
"C:/Users/Anthony/Documents/GitHub/GrimoireRepo/WizardDOOMClone/Content/FirstPersonArms/Character/Textures/Manny/T_Manny_01_MSR_MSK.uasset" 386
"C:/Users/Anthony/Documents/GitHub/GrimoireRepo/WizardDOOMClone/Content/FirstPersonArms/Character/Textures/Manny/T_Manny_01_MSR_MSK.uexp" 387
"C:/Users/Anthony/Documents/GitHub/GrimoireRepo/WizardDOOMClone/Content/FirstPersonArms/Character/Textures/Manny/T_Manny_01_N.ubulk" 388
"C:/Users/Anthony/Documents/GitHub/GrimoireRepo/WizardDOOMClone/Content/FirstPersonArms/Character/Textures/Manny/T_Manny_01_N.uasset" 389
"C:/Users/Anthony/Documents/GitHub/GrimoireRepo/WizardDOOMClone/Content/FirstPersonArms/Character/Textures/Manny/T_Manny_01_N.uexp" 390
"C:/Users/Anthony/Documents/GitHub/GrimoireRepo/WizardDOOMClone/Content/FirstPersonArms/Character/Textures/Manny/T_Manny_01_D.ubulk" 391
"C:/Users/Anthony/Documents/GitHub/GrimoireRepo/WizardDOOMClone/Content/FirstPersonArms/Character/Textures/Manny/T_Manny_01_D.uasset" 392
"C:/Users/Anthony/Documents/GitHub/GrimoireRepo/WizardDOOMClone/Content/FirstPersonArms/Character/Textures/Manny/T_Manny_01_D.uexp" 393
"C:/Users/Anthony/Documents/GitHub/GrimoireRepo/WizardDOOMClone/Content/FirstPersonArms/Character/Materials/Functions/ChromaticCurve.uasset" 394
"C:/Users/Anthony/Documents/GitHub/GrimoireRepo/WizardDOOMClone/Content/FirstPersonArms/Character/Materials/Functions/ChromaticCurve.uexp" 395
"C:/Users/Anthony/Documents/GitHub/GrimoireRepo/WizardDOOMClone/Content/FirstPersonArms/Character/Materials/Functions/CA_Mannequin.uasset" 396
"C:/Users/Anthony/Documents/GitHub/GrimoireRepo/WizardDOOMClone/Content/FirstPersonArms/Character/Materials/Functions/CA_Mannequin.uexp" 397
"C:/Users/Anthony/Documents/GitHub/GrimoireRepo/WizardDOOMClone/Content/FirstPersonArms/Character/Materials/Functions/MF_Diffraction.uasset" 398
"C:/Users/Anthony/Documents/GitHub/GrimoireRepo/WizardDOOMClone/Content/FirstPersonArms/Character/Materials/Functions/MF_Diffraction.uexp" 399
"../../../Engine/Content/Functions/Engine_MaterialFunctions02/Utility/BreakOutFloat2Components.uasset" 400
"../../../Engine/Content/Functions/Engine_MaterialFunctions02/Utility/BreakOutFloat2Components.uexp" 401
"../../../Engine/Content/Functions/Engine_MaterialFunctions01/Texturing/ScaleUVsByCenter.uasset" 402
"../../../Engine/Content/Functions/Engine_MaterialFunctions01/Texturing/ScaleUVsByCenter.uexp" 403
"C:/Users/Anthony/Documents/GitHub/GrimoireRepo/WizardDOOMClone/Content/FirstPersonArms/Character/Textures/Shared/T_UE_Logo_M.uasset" 404
"C:/Users/Anthony/Documents/GitHub/GrimoireRepo/WizardDOOMClone/Content/FirstPersonArms/Character/Textures/Shared/T_UE_Logo_M.uexp" 405
"C:/Users/Anthony/Documents/GitHub/GrimoireRepo/WizardDOOMClone/Content/FirstPersonArms/Character/Materials/Functions/MF_logo3layers.uasset" 406
"C:/Users/Anthony/Documents/GitHub/GrimoireRepo/WizardDOOMClone/Content/FirstPersonArms/Character/Materials/Functions/MF_logo3layers.uexp" 407
"C:/Users/Anthony/Documents/GitHub/GrimoireRepo/WizardDOOMClone/Content/FirstPersonArms/Character/Materials/Functions/ML_BaseColorFallOff.uasset" 408
"C:/Users/Anthony/Documents/GitHub/GrimoireRepo/WizardDOOMClone/Content/FirstPersonArms/Character/Materials/Functions/ML_BaseColorFallOff.uexp" 409
"C:/Users/Anthony/Documents/GitHub/GrimoireRepo/WizardDOOMClone/Content/FirstPersonArms/Character/Materials/M_Mannequin.uasset" 410
"C:/Users/Anthony/Documents/GitHub/GrimoireRepo/WizardDOOMClone/Content/FirstPersonArms/Character/Materials/M_Mannequin.uexp" 411
"C:/Users/Anthony/Documents/GitHub/GrimoireRepo/WizardDOOMClone/Content/FirstPersonArms/Character/Materials/Instances/Manny/MI_Manny_01.uasset" 412
"C:/Users/Anthony/Documents/GitHub/GrimoireRepo/WizardDOOMClone/Content/FirstPersonArms/Character/Materials/Instances/Manny/MI_Manny_01.uexp" 413
"C:/Users/Anthony/Documents/GitHub/GrimoireRepo/WizardDOOMClone/Content/FirstPersonArms/Character/Textures/Manny/T_Manny_02_CCRCCPlastic_MSK.ubulk" 414
"C:/Users/Anthony/Documents/GitHub/GrimoireRepo/WizardDOOMClone/Content/FirstPersonArms/Character/Textures/Manny/T_Manny_02_CCRCCPlastic_MSK.uasset" 415
"C:/Users/Anthony/Documents/GitHub/GrimoireRepo/WizardDOOMClone/Content/FirstPersonArms/Character/Textures/Manny/T_Manny_02_CCRCCPlastic_MSK.uexp" 416
"C:/Users/Anthony/Documents/GitHub/GrimoireRepo/WizardDOOMClone/Content/FirstPersonArms/Character/Textures/Manny/T_Manny_02_MSR_MSK.ubulk" 417
"C:/Users/Anthony/Documents/GitHub/GrimoireRepo/WizardDOOMClone/Content/FirstPersonArms/Character/Textures/Manny/T_Manny_02_MSR_MSK.uasset" 418
"C:/Users/Anthony/Documents/GitHub/GrimoireRepo/WizardDOOMClone/Content/FirstPersonArms/Character/Textures/Manny/T_Manny_02_MSR_MSK.uexp" 419
"C:/Users/Anthony/Documents/GitHub/GrimoireRepo/WizardDOOMClone/Content/FirstPersonArms/Character/Textures/Manny/T_Manny_02_D.ubulk" 420
"C:/Users/Anthony/Documents/GitHub/GrimoireRepo/WizardDOOMClone/Content/FirstPersonArms/Character/Textures/Manny/T_Manny_02_D.uasset" 421
"C:/Users/Anthony/Documents/GitHub/GrimoireRepo/WizardDOOMClone/Content/FirstPersonArms/Character/Textures/Manny/T_Manny_02_D.uexp" 422
"C:/Users/Anthony/Documents/GitHub/GrimoireRepo/WizardDOOMClone/Content/FirstPersonArms/Character/Textures/Manny/T_Manny_02_Tan.ubulk" 423
"C:/Users/Anthony/Documents/GitHub/GrimoireRepo/WizardDOOMClone/Content/FirstPersonArms/Character/Textures/Manny/T_Manny_02_Tan.uasset" 424
"C:/Users/Anthony/Documents/GitHub/GrimoireRepo/WizardDOOMClone/Content/FirstPersonArms/Character/Textures/Manny/T_Manny_02_Tan.uexp" 425
"C:/Users/Anthony/Documents/GitHub/GrimoireRepo/WizardDOOMClone/Content/FirstPersonArms/Character/Materials/Instances/Manny/MI_Manny_02.uasset" 426
"C:/Users/Anthony/Documents/GitHub/GrimoireRepo/WizardDOOMClone/Content/FirstPersonArms/Character/Materials/Instances/Manny/MI_Manny_02.uexp" 427
"C:/Users/Anthony/Documents/GitHub/GrimoireRepo/WizardDOOMClone/Content/FirstPersonArms/Character/Mesh/SK_Mannequin_Arms_PhysicsAsset.uasset" 428
"C:/Users/Anthony/Documents/GitHub/GrimoireRepo/WizardDOOMClone/Content/FirstPersonArms/Character/Mesh/SK_Mannequin_Arms_PhysicsAsset.uexp" 429
"C:/Users/Anthony/Documents/GitHub/GrimoireRepo/WizardDOOMClone/Content/FirstPersonArms/Character/Mesh/SK_Mannequin_Arms_Skeleton.uasset" 430
"C:/Users/Anthony/Documents/GitHub/GrimoireRepo/WizardDOOMClone/Content/FirstPersonArms/Character/Mesh/SK_Mannequin_Arms_Skeleton.uexp" 431
"C:/Users/Anthony/Documents/GitHub/GrimoireRepo/WizardDOOMClone/Content/FirstPersonArms/Character/Mesh/SK_Mannequin_Arms.uasset" 432
"C:/Users/Anthony/Documents/GitHub/GrimoireRepo/WizardDOOMClone/Content/FirstPersonArms/Character/Mesh/SK_Mannequin_Arms.uexp" 433
"C:/Users/Anthony/Documents/GitHub/GrimoireRepo/WizardDOOMClone/Content/GameContent/Textures/SpellIcons/TEX_LightningBolt.ubulk" 434
"C:/Users/Anthony/Documents/GitHub/GrimoireRepo/WizardDOOMClone/Content/GameContent/Textures/SpellIcons/TEX_LightningBolt.uasset" 435
"C:/Users/Anthony/Documents/GitHub/GrimoireRepo/WizardDOOMClone/Content/GameContent/Textures/SpellIcons/TEX_LightningBolt.uexp" 436
"C:/Users/Anthony/Documents/GitHub/GrimoireRepo/WizardDOOMClone/Content/GameContent/Blueprints/HUDStuff/SpellIcons/WB_SpellIconLightningbolt.uasset" 437
"C:/Users/Anthony/Documents/GitHub/GrimoireRepo/WizardDOOMClone/Content/GameContent/Blueprints/HUDStuff/SpellIcons/WB_SpellIconLightningbolt.uexp" 438
"C:/Users/Anthony/Documents/GitHub/GrimoireRepo/WizardDOOMClone/Content/GameContent/Input/Actions/IA_RockWall.uasset" 439
"C:/Users/Anthony/Documents/GitHub/GrimoireRepo/WizardDOOMClone/Content/GameContent/Input/Actions/IA_RockWall.uexp" 440
"C:/Users/Anthony/Documents/GitHub/GrimoireRepo/WizardDOOMClone/Content/GameContent/Textures/SpellIcons/TEX_fireball.ubulk" 441
"C:/Users/Anthony/Documents/GitHub/GrimoireRepo/WizardDOOMClone/Content/GameContent/Textures/SpellIcons/TEX_fireball.uasset" 442
"C:/Users/Anthony/Documents/GitHub/GrimoireRepo/WizardDOOMClone/Content/GameContent/Textures/SpellIcons/TEX_fireball.uexp" 443
"C:/Users/Anthony/Documents/GitHub/GrimoireRepo/WizardDOOMClone/Content/GameContent/Blueprints/HUDStuff/SpellIcons/WB_SpellIconFireball.uasset" 444
"C:/Users/Anthony/Documents/GitHub/GrimoireRepo/WizardDOOMClone/Content/GameContent/Blueprints/HUDStuff/SpellIcons/WB_SpellIconFireball.uexp" 445
"C:/Users/Anthony/Documents/GitHub/GrimoireRepo/WizardDOOMClone/Content/GameContent/Textures/SpellIcons/TEX_MagicMissile.ubulk" 446
"C:/Users/Anthony/Documents/GitHub/GrimoireRepo/WizardDOOMClone/Content/GameContent/Textures/SpellIcons/TEX_MagicMissile.uasset" 447
"C:/Users/Anthony/Documents/GitHub/GrimoireRepo/WizardDOOMClone/Content/GameContent/Textures/SpellIcons/TEX_MagicMissile.uexp" 448
"C:/Users/Anthony/Documents/GitHub/GrimoireRepo/WizardDOOMClone/Content/GameContent/Blueprints/HUDStuff/SpellIcons/WB_SpellIconMagicMissile.uasset" 449
"C:/Users/Anthony/Documents/GitHub/GrimoireRepo/WizardDOOMClone/Content/GameContent/Blueprints/HUDStuff/SpellIcons/WB_SpellIconMagicMissile.uexp" 450
"C:/Users/Anthony/Documents/GitHub/GrimoireRepo/WizardDOOMClone/Content/GameContent/Blueprints/LevelMechanics/BP_RoomChanger.uasset" 451
"C:/Users/Anthony/Documents/GitHub/GrimoireRepo/WizardDOOMClone/Content/GameContent/Blueprints/LevelMechanics/BP_RoomChanger.uexp" 452
"../../../Engine/Content/EditorSounds/Notifications/CompileSuccess.ubulk" 453
"../../../Engine/Content/EditorSounds/Notifications/CompileSuccess.uasset" 454
"../../../Engine/Content/EditorSounds/Notifications/CompileSuccess.uexp" 455
"C:/Users/Anthony/Documents/GitHub/GrimoireRepo/WizardDOOMClone/Content/GameContent/Sounds/fireball-whoosh-2-179126.ubulk" 456
"C:/Users/Anthony/Documents/GitHub/GrimoireRepo/WizardDOOMClone/Content/GameContent/Sounds/fireball-whoosh-2-179126.uasset" 457
"C:/Users/Anthony/Documents/GitHub/GrimoireRepo/WizardDOOMClone/Content/GameContent/Sounds/fireball-whoosh-2-179126.uexp" 458
"C:/Users/Anthony/Documents/GitHub/GrimoireRepo/WizardDOOMClone/Content/GameContent/Input/Actions/IA_Fireball.uasset" 459
"C:/Users/Anthony/Documents/GitHub/GrimoireRepo/WizardDOOMClone/Content/GameContent/Input/Actions/IA_Fireball.uexp" 460
"C:/Users/Anthony/Documents/GitHub/GrimoireRepo/WizardDOOMClone/Content/GameContent/Input/IMC_Weapons.uasset" 461
"C:/Users/Anthony/Documents/GitHub/GrimoireRepo/WizardDOOMClone/Content/GameContent/Input/IMC_Weapons.uexp" 462
"C:/Users/Anthony/Documents/GitHub/GrimoireRepo/WizardDOOMClone/Content/GameContent/Textures/SpellIcons/TEX_WindDash.ubulk" 463
"C:/Users/Anthony/Documents/GitHub/GrimoireRepo/WizardDOOMClone/Content/GameContent/Textures/SpellIcons/TEX_WindDash.uasset" 464
"C:/Users/Anthony/Documents/GitHub/GrimoireRepo/WizardDOOMClone/Content/GameContent/Textures/SpellIcons/TEX_WindDash.uexp" 465
"C:/Users/Anthony/Documents/GitHub/GrimoireRepo/WizardDOOMClone/Content/GameContent/Blueprints/HUDStuff/SpellIcons/WB_SpellIconWindDash.uasset" 466
"C:/Users/Anthony/Documents/GitHub/GrimoireRepo/WizardDOOMClone/Content/GameContent/Blueprints/HUDStuff/SpellIcons/WB_SpellIconWindDash.uexp" 467
"C:/Users/Anthony/Documents/GitHub/GrimoireRepo/WizardDOOMClone/Content/GameContent/Sounds/softmagicimpact.ubulk" 468
"C:/Users/Anthony/Documents/GitHub/GrimoireRepo/WizardDOOMClone/Content/GameContent/Sounds/softmagicimpact.uasset" 469
"C:/Users/Anthony/Documents/GitHub/GrimoireRepo/WizardDOOMClone/Content/GameContent/Sounds/softmagicimpact.uexp" 470
"C:/Users/Anthony/Documents/GitHub/GrimoireRepo/WizardDOOMClone/Content/GameContent/Blueprints/Spells/BP_MagicMissle.uasset" 471
"C:/Users/Anthony/Documents/GitHub/GrimoireRepo/WizardDOOMClone/Content/GameContent/Blueprints/Spells/BP_MagicMissle.uexp" 472
"C:/Users/Anthony/Documents/GitHub/GrimoireRepo/WizardDOOMClone/Content/GameContent/Sounds/casual-click-pop-ui-7-262127.ubulk" 473
"C:/Users/Anthony/Documents/GitHub/GrimoireRepo/WizardDOOMClone/Content/GameContent/Sounds/casual-click-pop-ui-7-262127.uasset" 474
"C:/Users/Anthony/Documents/GitHub/GrimoireRepo/WizardDOOMClone/Content/GameContent/Sounds/casual-click-pop-ui-7-262127.uexp" 475
"C:/Users/Anthony/Documents/GitHub/GrimoireRepo/WizardDOOMClone/Content/GameContent/Sounds/sci-fi-explosion-09-190268.ubulk" 476
"C:/Users/Anthony/Documents/GitHub/GrimoireRepo/WizardDOOMClone/Content/GameContent/Sounds/sci-fi-explosion-09-190268.uasset" 477
"C:/Users/Anthony/Documents/GitHub/GrimoireRepo/WizardDOOMClone/Content/GameContent/Sounds/sci-fi-explosion-09-190268.uexp" 478
"../../../Engine/Content/Functions/Engine_MaterialFunctions03/Procedurals/GeneratedBand.uasset" 479
"../../../Engine/Content/Functions/Engine_MaterialFunctions03/Procedurals/GeneratedBand.uexp" 480
"../../../Engine/Content/Functions/Engine_MaterialFunctions02/Utility/VectorLength.uasset" 481
"../../../Engine/Content/Functions/Engine_MaterialFunctions02/Utility/VectorLength.uexp" 482
"C:/Users/Anthony/Documents/GitHub/GrimoireRepo/WizardDOOMClone/Content/GameContent/Materials/M_Lightning.uasset" 483
"C:/Users/Anthony/Documents/GitHub/GrimoireRepo/WizardDOOMClone/Content/GameContent/Materials/M_Lightning.uexp" 484
"C:/Users/Anthony/Documents/GitHub/GrimoireRepo/WizardDOOMClone/Content/GameContent/Import/Models/SM_LightningPlane.ubulk" 485
"C:/Users/Anthony/Documents/GitHub/GrimoireRepo/WizardDOOMClone/Content/GameContent/Import/Models/SM_LightningPlane.uasset" 486
"C:/Users/Anthony/Documents/GitHub/GrimoireRepo/WizardDOOMClone/Content/GameContent/Import/Models/SM_LightningPlane.uexp" 487
"C:/Users/Anthony/Documents/GitHub/GrimoireRepo/WizardDOOMClone/Content/GameContent/Blueprints/Spells/BP_LightningBoltCosmetic.uasset" 488
"C:/Users/Anthony/Documents/GitHub/GrimoireRepo/WizardDOOMClone/Content/GameContent/Blueprints/Spells/BP_LightningBoltCosmetic.uexp" 489
"C:/Users/Anthony/Documents/GitHub/GrimoireRepo/WizardDOOMClone/Content/GameContent/Sounds/elemental-magic-spell-impact-outgoing-228342.ubulk" 490
"C:/Users/Anthony/Documents/GitHub/GrimoireRepo/WizardDOOMClone/Content/GameContent/Sounds/elemental-magic-spell-impact-outgoing-228342.uasset" 491
"C:/Users/Anthony/Documents/GitHub/GrimoireRepo/WizardDOOMClone/Content/GameContent/Sounds/elemental-magic-spell-impact-outgoing-228342.uexp" 492
"C:/Users/Anthony/Documents/GitHub/GrimoireRepo/WizardDOOMClone/Content/GameContent/Textures/SpellIcons/TEX_LightningJump.ubulk" 493
"C:/Users/Anthony/Documents/GitHub/GrimoireRepo/WizardDOOMClone/Content/GameContent/Textures/SpellIcons/TEX_LightningJump.uasset" 494
"C:/Users/Anthony/Documents/GitHub/GrimoireRepo/WizardDOOMClone/Content/GameContent/Textures/SpellIcons/TEX_LightningJump.uexp" 495
"C:/Users/Anthony/Documents/GitHub/GrimoireRepo/WizardDOOMClone/Content/GameContent/Blueprints/HUDStuff/SpellIcons/WB_SpellIconLightningJump.uasset" 496
"C:/Users/Anthony/Documents/GitHub/GrimoireRepo/WizardDOOMClone/Content/GameContent/Blueprints/HUDStuff/SpellIcons/WB_SpellIconLightningJump.uexp" 497
"C:/Users/Anthony/Documents/GitHub/GrimoireRepo/WizardDOOMClone/Content/GameContent/Sounds/swish-swoosh-woosh-sfx-25-357177.ubulk" 498
"C:/Users/Anthony/Documents/GitHub/GrimoireRepo/WizardDOOMClone/Content/GameContent/Sounds/swish-swoosh-woosh-sfx-25-357177.uasset" 499
"C:/Users/Anthony/Documents/GitHub/GrimoireRepo/WizardDOOMClone/Content/GameContent/Sounds/swish-swoosh-woosh-sfx-25-357177.uexp" 500
"C:/Users/Anthony/Documents/GitHub/GrimoireRepo/WizardDOOMClone/Content/GameContent/Sounds/magical-whoosh-148459.ubulk" 501
"C:/Users/Anthony/Documents/GitHub/GrimoireRepo/WizardDOOMClone/Content/GameContent/Sounds/magical-whoosh-148459.uasset" 502
"C:/Users/Anthony/Documents/GitHub/GrimoireRepo/WizardDOOMClone/Content/GameContent/Sounds/magical-whoosh-148459.uexp" 503
"../../../Engine/Content/Animation/DefaultAnimCurveCompressionSettings.uasset" 504
"../../../Engine/Content/Animation/DefaultAnimCurveCompressionSettings.uexp" 505
"../../../Engine/Content/Animation/DefaultAnimBoneCompressionSettings.uasset" 506
"../../../Engine/Content/Animation/DefaultAnimBoneCompressionSettings.uexp" 507
"C:/Users/Anthony/Documents/GitHub/GrimoireRepo/WizardDOOMClone/Content/FirstPersonArms/Animations/FP_Rifle_Idle.uasset" 508
"C:/Users/Anthony/Documents/GitHub/GrimoireRepo/WizardDOOMClone/Content/FirstPersonArms/Animations/FP_Rifle_Idle.uexp" 509
"C:/Users/Anthony/Documents/GitHub/GrimoireRepo/WizardDOOMClone/Content/FirstPersonArms/Animations/FP_Rifle_Land.uasset" 510
"C:/Users/Anthony/Documents/GitHub/GrimoireRepo/WizardDOOMClone/Content/FirstPersonArms/Animations/FP_Rifle_Land.uexp" 511
"C:/Users/Anthony/Documents/GitHub/GrimoireRepo/WizardDOOMClone/Content/FirstPersonArms/Animations/FP_Rifle_Run.uasset" 512
"C:/Users/Anthony/Documents/GitHub/GrimoireRepo/WizardDOOMClone/Content/FirstPersonArms/Animations/FP_Rifle_Run.uexp" 513
"C:/Users/Anthony/Documents/GitHub/GrimoireRepo/WizardDOOMClone/Content/FirstPersonArms/Animations/FP_Rifle_Falling.uasset" 514
"C:/Users/Anthony/Documents/GitHub/GrimoireRepo/WizardDOOMClone/Content/FirstPersonArms/Animations/FP_Rifle_Falling.uexp" 515
"../../../Engine/Content/Animation/DefaultRecorderBoneCompression.uasset" 516
"../../../Engine/Content/Animation/DefaultRecorderBoneCompression.uexp" 517
"C:/Users/Anthony/Documents/GitHub/GrimoireRepo/WizardDOOMClone/Content/FirstPersonArms/Animations/FP_Idle.uasset" 518
"C:/Users/Anthony/Documents/GitHub/GrimoireRepo/WizardDOOMClone/Content/FirstPersonArms/Animations/FP_Idle.uexp" 519
"C:/Users/Anthony/Documents/GitHub/GrimoireRepo/WizardDOOMClone/Content/FirstPersonArms/Animations/FP_Jump.uasset" 520
"C:/Users/Anthony/Documents/GitHub/GrimoireRepo/WizardDOOMClone/Content/FirstPersonArms/Animations/FP_Jump.uexp" 521
"C:/Users/Anthony/Documents/GitHub/GrimoireRepo/WizardDOOMClone/Content/FirstPersonArms/Animations/FP_Run_Fwd.uasset" 522
"C:/Users/Anthony/Documents/GitHub/GrimoireRepo/WizardDOOMClone/Content/FirstPersonArms/Animations/FP_Run_Fwd.uexp" 523
"C:/Users/Anthony/Documents/GitHub/GrimoireRepo/WizardDOOMClone/Content/FirstPersonArms/Animations/FP_Land.uasset" 524
"C:/Users/Anthony/Documents/GitHub/GrimoireRepo/WizardDOOMClone/Content/FirstPersonArms/Animations/FP_Land.uexp" 525
"C:/Users/Anthony/Documents/GitHub/GrimoireRepo/WizardDOOMClone/Content/FirstPersonArms/Animations/FP_Falling.uasset" 526
"C:/Users/Anthony/Documents/GitHub/GrimoireRepo/WizardDOOMClone/Content/FirstPersonArms/Animations/FP_Falling.uexp" 527
"../../../Engine/Content/Animation/DefaultVariableFrameStrippingSettings.uasset" 528
"../../../Engine/Content/Animation/DefaultVariableFrameStrippingSettings.uexp" 529
"C:/Users/Anthony/Documents/GitHub/GrimoireRepo/WizardDOOMClone/Content/FirstPersonArms/Animations/FP_Rifle_Jump.uasset" 530
"C:/Users/Anthony/Documents/GitHub/GrimoireRepo/WizardDOOMClone/Content/FirstPersonArms/Animations/FP_Rifle_Jump.uexp" 531
"C:/Users/Anthony/Documents/GitHub/GrimoireRepo/WizardDOOMClone/Content/FirstPersonArms/Animations/FirstPerson_AnimBP.uasset" 532
"C:/Users/Anthony/Documents/GitHub/GrimoireRepo/WizardDOOMClone/Content/FirstPersonArms/Animations/FirstPerson_AnimBP.uexp" 533
"C:/Users/Anthony/Documents/GitHub/GrimoireRepo/WizardDOOMClone/Content/GameContent/Sounds/RetaliateSFX.ubulk" 534
"C:/Users/Anthony/Documents/GitHub/GrimoireRepo/WizardDOOMClone/Content/GameContent/Sounds/RetaliateSFX.uasset" 535
"C:/Users/Anthony/Documents/GitHub/GrimoireRepo/WizardDOOMClone/Content/GameContent/Sounds/RetaliateSFX.uexp" 536
"C:/Users/Anthony/Documents/GitHub/GrimoireRepo/WizardDOOMClone/Content/GameContent/Textures/SpellIcons/TEX_RockWall.ubulk" 537
"C:/Users/Anthony/Documents/GitHub/GrimoireRepo/WizardDOOMClone/Content/GameContent/Textures/SpellIcons/TEX_RockWall.uasset" 538
"C:/Users/Anthony/Documents/GitHub/GrimoireRepo/WizardDOOMClone/Content/GameContent/Textures/SpellIcons/TEX_RockWall.uexp" 539
"C:/Users/Anthony/Documents/GitHub/GrimoireRepo/WizardDOOMClone/Content/GameContent/Blueprints/HUDStuff/SpellIcons/WB_SpellIconRockWall.uasset" 540
"C:/Users/Anthony/Documents/GitHub/GrimoireRepo/WizardDOOMClone/Content/GameContent/Blueprints/HUDStuff/SpellIcons/WB_SpellIconRockWall.uexp" 541
"../../../Engine/Content/EngineSounds/1kSineTonePing.ubulk" 542
"../../../Engine/Content/EngineSounds/1kSineTonePing.uasset" 543
"../../../Engine/Content/EngineSounds/1kSineTonePing.uexp" 544
"C:/Users/Anthony/Documents/GitHub/GrimoireRepo/WizardDOOMClone/Content/GameContent/Blueprints/HUDStuff/WB_DeathScreen.uasset" 545
"C:/Users/Anthony/Documents/GitHub/GrimoireRepo/WizardDOOMClone/Content/GameContent/Blueprints/HUDStuff/WB_DeathScreen.uexp" 546
"C:/Users/Anthony/Documents/GitHub/GrimoireRepo/WizardDOOMClone/Content/GameContent/Blueprints/Core/BP_PlayerCharacter.uasset" 547
"C:/Users/Anthony/Documents/GitHub/GrimoireRepo/WizardDOOMClone/Content/GameContent/Blueprints/Core/BP_PlayerCharacter.uexp" 548
"C:/Users/Anthony/Documents/GitHub/GrimoireRepo/WizardDOOMClone/Content/GameContent/Blueprints/LevelMechanics/BP_FloorColiderSquare.uasset" 549
"C:/Users/Anthony/Documents/GitHub/GrimoireRepo/WizardDOOMClone/Content/GameContent/Blueprints/LevelMechanics/BP_FloorColiderSquare.uexp" 550
"C:/Users/Anthony/Documents/GitHub/GrimoireRepo/WizardDOOMClone/Content/GameContent/Materials/MaterialInstances/MI_MatteCyan.uasset" 551
"C:/Users/Anthony/Documents/GitHub/GrimoireRepo/WizardDOOMClone/Content/GameContent/Materials/MaterialInstances/MI_MatteCyan.uexp" 552
"C:/Users/Anthony/Documents/GitHub/GrimoireRepo/WizardDOOMClone/Content/GameContent/Blueprints/Enemies/BP_BigDamageSphere.uasset" 553
"C:/Users/Anthony/Documents/GitHub/GrimoireRepo/WizardDOOMClone/Content/GameContent/Blueprints/Enemies/BP_BigDamageSphere.uexp" 554
"C:/Users/Anthony/Documents/GitHub/GrimoireRepo/WizardDOOMClone/Content/GameContent/Blueprints/Enemies/BTTasks/BTTask_TrollAttack.uasset" 555
"C:/Users/Anthony/Documents/GitHub/GrimoireRepo/WizardDOOMClone/Content/GameContent/Blueprints/Enemies/BTTasks/BTTask_TrollAttack.uexp" 556
"C:/Users/Anthony/Documents/GitHub/GrimoireRepo/WizardDOOMClone/Content/GameContent/Blueprints/Spells/EnemyProjectiles/BP_TrollProjectileExplosion.uasset" 557
"C:/Users/Anthony/Documents/GitHub/GrimoireRepo/WizardDOOMClone/Content/GameContent/Blueprints/Spells/EnemyProjectiles/BP_TrollProjectileExplosion.uexp" 558
"C:/Users/Anthony/Documents/GitHub/GrimoireRepo/WizardDOOMClone/Content/GameContent/Blueprints/Spells/EnemyProjectiles/BP_TrollBomb.uasset" 559
"C:/Users/Anthony/Documents/GitHub/GrimoireRepo/WizardDOOMClone/Content/GameContent/Blueprints/Spells/EnemyProjectiles/BP_TrollBomb.uexp" 560
"C:/Users/Anthony/Documents/GitHub/GrimoireRepo/WizardDOOMClone/Content/GameContent/Blueprints/Enemies/BTTasks/BTTask_ThrowSomething.uasset" 561
"C:/Users/Anthony/Documents/GitHub/GrimoireRepo/WizardDOOMClone/Content/GameContent/Blueprints/Enemies/BTTasks/BTTask_ThrowSomething.uexp" 562
"C:/Users/Anthony/Documents/GitHub/GrimoireRepo/WizardDOOMClone/Content/GameContent/Blueprints/Enemies/BT_Troll.uasset" 563
"C:/Users/Anthony/Documents/GitHub/GrimoireRepo/WizardDOOMClone/Content/GameContent/Blueprints/Enemies/BT_Troll.uexp" 564
"C:/Users/Anthony/Documents/GitHub/GrimoireRepo/WizardDOOMClone/Content/GameContent/Blueprints/Enemies/AIControllers/BP_TrollController.uasset" 565
"C:/Users/Anthony/Documents/GitHub/GrimoireRepo/WizardDOOMClone/Content/GameContent/Blueprints/Enemies/AIControllers/BP_TrollController.uexp" 566
"C:/Users/Anthony/Documents/GitHub/GrimoireRepo/WizardDOOMClone/Content/GameContent/Blueprints/Enemies/BP_Enemy_Troll.uasset" 567
"C:/Users/Anthony/Documents/GitHub/GrimoireRepo/WizardDOOMClone/Content/GameContent/Blueprints/Enemies/BP_Enemy_Troll.uexp" 568
"C:/Users/Anthony/Documents/GitHub/GrimoireRepo/WizardDOOMClone/Content/GameContent/Import/Import/whiteSurfaceShader.uasset" 569
"C:/Users/Anthony/Documents/GitHub/GrimoireRepo/WizardDOOMClone/Content/GameContent/Import/Import/whiteSurfaceShader.uexp" 570
"C:/Users/Anthony/Documents/GitHub/GrimoireRepo/WizardDOOMClone/Content/GameContent/Import/Import/blueSurfaceShader.uasset" 571
"C:/Users/Anthony/Documents/GitHub/GrimoireRepo/WizardDOOMClone/Content/GameContent/Import/Import/blueSurfaceShader.uexp" 572
"C:/Users/Anthony/Documents/GitHub/GrimoireRepo/WizardDOOMClone/Content/GameContent/Import/Import/EyeTurret.ubulk" 573
"C:/Users/Anthony/Documents/GitHub/GrimoireRepo/WizardDOOMClone/Content/GameContent/Import/Import/EyeTurret.uasset" 574
"C:/Users/Anthony/Documents/GitHub/GrimoireRepo/WizardDOOMClone/Content/GameContent/Import/Import/EyeTurret.uexp" 575
"C:/Users/Anthony/Documents/GitHub/GrimoireRepo/WizardDOOMClone/Content/GameContent/Sounds/chargeup.ubulk" 576
"C:/Users/Anthony/Documents/GitHub/GrimoireRepo/WizardDOOMClone/Content/GameContent/Sounds/chargeup.uasset" 577
"C:/Users/Anthony/Documents/GitHub/GrimoireRepo/WizardDOOMClone/Content/GameContent/Sounds/chargeup.uexp" 578
"C:/Users/Anthony/Documents/GitHub/GrimoireRepo/WizardDOOMClone/Content/GameContent/Blueprints/Enemies/BTTasks/BTTask_EyeTurretRotateAndShoot.uasset" 579
"C:/Users/Anthony/Documents/GitHub/GrimoireRepo/WizardDOOMClone/Content/GameContent/Blueprints/Enemies/BTTasks/BTTask_EyeTurretRotateAndShoot.uexp" 580
"C:/Users/Anthony/Documents/GitHub/GrimoireRepo/WizardDOOMClone/Content/GameContent/Blueprints/Enemies/BT_StationaryTurret.uasset" 581
"C:/Users/Anthony/Documents/GitHub/GrimoireRepo/WizardDOOMClone/Content/GameContent/Blueprints/Enemies/BT_StationaryTurret.uexp" 582
"C:/Users/Anthony/Documents/GitHub/GrimoireRepo/WizardDOOMClone/Content/GameContent/Blueprints/Enemies/AIControllers/BP_EyeTurretController.uasset" 583
"C:/Users/Anthony/Documents/GitHub/GrimoireRepo/WizardDOOMClone/Content/GameContent/Blueprints/Enemies/AIControllers/BP_EyeTurretController.uexp" 584
"C:/Users/Anthony/Documents/GitHub/GrimoireRepo/WizardDOOMClone/Content/GameContent/Blueprints/Enemies/BP_Enemy_EyeTurret.uasset" 585
"C:/Users/Anthony/Documents/GitHub/GrimoireRepo/WizardDOOMClone/Content/GameContent/Blueprints/Enemies/BP_Enemy_EyeTurret.uexp" 586
"C:/Users/Anthony/Documents/GitHub/GrimoireRepo/WizardDOOMClone/Content/GameContent/Blueprints/LevelMechanics/BP_Killbox.uasset" 587
"C:/Users/Anthony/Documents/GitHub/GrimoireRepo/WizardDOOMClone/Content/GameContent/Blueprints/LevelMechanics/BP_Killbox.uexp" 588
"../../../Engine/Content/EngineMaterials/DefaultMaterial.uasset" 589
"../../../Engine/Content/EngineMaterials/DefaultMaterial.uexp" 590
"../../../Engine/Content/BasicShapes/Cylinder.ubulk" 591
"../../../Engine/Content/BasicShapes/Cylinder.uasset" 592
"../../../Engine/Content/BasicShapes/Cylinder.uexp" 593
"C:/Users/Anthony/Documents/GitHub/GrimoireRepo/WizardDOOMClone/Content/GameContent/Blueprints/LevelMechanics/BP_FloorColliderCircle.uasset" 594
"C:/Users/Anthony/Documents/GitHub/GrimoireRepo/WizardDOOMClone/Content/GameContent/Blueprints/LevelMechanics/BP_FloorColliderCircle.uexp" 595
"C:/Users/Anthony/Documents/GitHub/GrimoireRepo/WizardDOOMClone/Content/GameContent/Blueprints/LevelMechanics/BP_ElevatorDown.uasset" 596
"C:/Users/Anthony/Documents/GitHub/GrimoireRepo/WizardDOOMClone/Content/GameContent/Blueprints/LevelMechanics/BP_ElevatorDown.uexp" 597
"C:/Users/Anthony/Documents/GitHub/GrimoireRepo/WizardDOOMClone/Content/GameContent/Blueprints/Particles/NA_PickupParticles.uasset" 598
"C:/Users/Anthony/Documents/GitHub/GrimoireRepo/WizardDOOMClone/Content/GameContent/Blueprints/Particles/NA_PickupParticles.uexp" 599
"C:/Users/Anthony/Documents/GitHub/GrimoireRepo/WizardDOOMClone/Content/GameContent/Blueprints/Pickups/BP_BaseSpellPickupClass.uasset" 600
"C:/Users/Anthony/Documents/GitHub/GrimoireRepo/WizardDOOMClone/Content/GameContent/Blueprints/Pickups/BP_BaseSpellPickupClass.uexp" 601
"C:/Users/Anthony/Documents/GitHub/GrimoireRepo/WizardDOOMClone/Content/GameContent/Blueprints/Pickups/SpellPickups/BP_FreezingIciclePickup.uasset" 602
"C:/Users/Anthony/Documents/GitHub/GrimoireRepo/WizardDOOMClone/Content/GameContent/Blueprints/Pickups/SpellPickups/BP_FreezingIciclePickup.uexp" 603
"C:/Users/Anthony/Documents/GitHub/GrimoireRepo/WizardDOOMClone/Content/GameContent/Blueprints/Pickups/SpellPickups/BP_LightningBoltPickup.uasset" 604
"C:/Users/Anthony/Documents/GitHub/GrimoireRepo/WizardDOOMClone/Content/GameContent/Blueprints/Pickups/SpellPickups/BP_LightningBoltPickup.uexp" 605
"C:/Users/Anthony/Documents/GitHub/GrimoireRepo/WizardDOOMClone/Content/GameContent/Blueprints/Pickups/SpellPickups/BP_RockWallPickup.uasset" 606
"C:/Users/Anthony/Documents/GitHub/GrimoireRepo/WizardDOOMClone/Content/GameContent/Blueprints/Pickups/SpellPickups/BP_RockWallPickup.uexp" 607
"C:/Users/Anthony/Documents/GitHub/GrimoireRepo/WizardDOOMClone/Content/GameContent/Blueprints/Pickups/SpellPickups/BP_FireballPickup.uasset" 608
"C:/Users/Anthony/Documents/GitHub/GrimoireRepo/WizardDOOMClone/Content/GameContent/Blueprints/Pickups/SpellPickups/BP_FireballPickup.uexp" 609
"C:/Users/Anthony/Documents/GitHub/GrimoireRepo/WizardDOOMClone/Content/GameContent/Blueprints/Pickups/SpellPickups/BP_RetaliatePickup.uasset" 610
"C:/Users/Anthony/Documents/GitHub/GrimoireRepo/WizardDOOMClone/Content/GameContent/Blueprints/Pickups/SpellPickups/BP_RetaliatePickup.uexp" 611
"C:/Users/Anthony/Documents/GitHub/GrimoireRepo/WizardDOOMClone/Content/GameContent/Blueprints/Pickups/SpellPickups/BP_WindDashPickup.uasset" 612
"C:/Users/Anthony/Documents/GitHub/GrimoireRepo/WizardDOOMClone/Content/GameContent/Blueprints/Pickups/SpellPickups/BP_WindDashPickup.uexp" 613
"C:/Users/Anthony/Documents/GitHub/GrimoireRepo/WizardDOOMClone/Content/GameContent/Blueprints/Pickups/SpellPickups/BP_LightningJumpPickup.uasset" 614
"C:/Users/Anthony/Documents/GitHub/GrimoireRepo/WizardDOOMClone/Content/GameContent/Blueprints/Pickups/SpellPickups/BP_LightningJumpPickup.uexp" 615
"../../../Engine/Content/EngineResources/DefaultTextureCube.uasset" 616
"../../../Engine/Content/EngineResources/DefaultTextureCube.uexp" 617
"../../../Engine/Content/EngineMaterials/Substrate/Volume/SubstrateSimpleVolumeLUT3D.uasset" 618
"../../../Engine/Content/EngineMaterials/Substrate/Volume/SubstrateSimpleVolumeLUT3D.uexp" 619
"../../../Engine/Content/EngineMaterials/Substrate/Volume/SubstrateSimpleVolumeEnvLUT3D.uasset" 620
"../../../Engine/Content/EngineMaterials/Substrate/Volume/SubstrateSimpleVolumeEnvLUT3D.uexp" 621
"../../../Engine/Content/EngineResources/DefaultVolumeTexture2D.uasset" 622
"../../../Engine/Content/EngineResources/DefaultVolumeTexture2D.uexp" 623
"../../../Engine/Content/EngineResources/DefaultVolumeTexture.uasset" 624
"../../../Engine/Content/EngineResources/DefaultVolumeTexture.uexp" 625
"../../../Engine/Content/Functions/Engine_MaterialFunctions01/Shading/ConvertFromDiffSpec.uasset" 626
"../../../Engine/Content/Functions/Engine_MaterialFunctions01/Shading/ConvertFromDiffSpec.uexp" 627
"../../../Engine/Content/Functions/Engine_MaterialFunctions01/Shading/PowerToRoughness.uasset" 628
"../../../Engine/Content/Functions/Engine_MaterialFunctions01/Shading/PowerToRoughness.uexp" 629
"../../../Engine/Content/EditorMaterials/Dataflow/DataflowTwoSidedVertexMaterial.uasset" 630
"../../../Engine/Content/EditorMaterials/Dataflow/DataflowTwoSidedVertexMaterial.uexp" 631
"../../../Engine/Content/EditorMaterials/Dataflow/DataflowVertexMaterial.uasset" 632
"../../../Engine/Content/EditorMaterials/Dataflow/DataflowVertexMaterial.uexp" 633
"../../../Engine/Content/EditorMaterials/PhAT_NoCollisionMaterial.uasset" 634
"../../../Engine/Content/EditorMaterials/PhAT_NoCollisionMaterial.uexp" 635
"../../../Engine/Content/EditorMaterials/PhAT_UnselectedMaterial.uasset" 636
"../../../Engine/Content/EditorMaterials/PhAT_UnselectedMaterial.uexp" 637
"../../../Engine/Content/EditorMaterials/PreviewShadowIndicator.ubulk" 638
"../../../Engine/Content/EditorMaterials/PreviewShadowIndicator.uasset" 639
"../../../Engine/Content/EditorMaterials/PreviewShadowIndicator.uexp" 640
"../../../Engine/Content/EditorMaterials/PreviewShadowIndicatorMaterial.uasset" 641
"../../../Engine/Content/EditorMaterials/PreviewShadowIndicatorMaterial.uexp" 642
"../../../Engine/Content/EngineDebugMaterials/DebugEditorMaterial.uasset" 643
"../../../Engine/Content/EngineDebugMaterials/DebugEditorMaterial.uexp" 644
"../../../Engine/Content/EngineDebugMaterials/DebugMeshMaterial.uasset" 645
"../../../Engine/Content/EngineDebugMaterials/DebugMeshMaterial.uexp" 646
"../../../Engine/Content/EngineDebugMaterials/M_SimpleUnlitTranslucent.uasset" 647
"../../../Engine/Content/EngineDebugMaterials/M_SimpleUnlitTranslucent.uexp" 648
"../../../Engine/Content/Functions/Engine_MaterialFunctions02/Utility/CameraDirectionVector.uasset" 649
"../../../Engine/Content/Functions/Engine_MaterialFunctions02/Utility/CameraDirectionVector.uexp" 650
"../../../Engine/Content/EngineDebugMaterials/VolumeToRender.uasset" 651
"../../../Engine/Content/EngineDebugMaterials/VolumeToRender.uexp" 652
"../../../Engine/Content/EngineDebugMaterials/M_VolumeRenderSphereTracePP.uasset" 653
"../../../Engine/Content/EngineDebugMaterials/M_VolumeRenderSphereTracePP.uexp" 654
"../../../Engine/Content/EngineMaterials/DefaultDiffuse.ubulk" 655
"../../../Engine/Content/EngineMaterials/DefaultDiffuse.uasset" 656
"../../../Engine/Content/EngineMaterials/DefaultDiffuse.uexp" 657
"../../../Engine/Content/EngineMaterials/DefaultDeferredDecalMaterial.uasset" 658
"../../../Engine/Content/EngineMaterials/DefaultDeferredDecalMaterial.uexp" 659
"../../../Engine/Content/EngineMaterials/DefaultLightFunctionMaterial.uasset" 660
"../../../Engine/Content/EngineMaterials/DefaultLightFunctionMaterial.uexp" 661
"../../../Engine/Content/EngineMaterials/DefaultPostProcessMaterial.uasset" 662
"../../../Engine/Content/EngineMaterials/DefaultPostProcessMaterial.uexp" 663
"../../../Engine/Content/EngineFonts/RobotoDistanceField.uasset" 664
"../../../Engine/Content/EngineFonts/RobotoDistanceField.uexp" 665
"../../../Engine/Content/EngineMaterials/DefaultTextMaterialOpaque.uasset" 666
"../../../Engine/Content/EngineMaterials/DefaultTextMaterialOpaque.uexp" 667
"../../../Engine/Content/EngineMaterials/DefaultWhiteGrid_Low.uasset" 668
"../../../Engine/Content/EngineMaterials/DefaultWhiteGrid_Low.uexp" 669
"../../../Engine/Content/EngineMaterials/EmissiveMeshMaterial.uasset" 670
"../../../Engine/Content/EngineMaterials/EmissiveMeshMaterial.uexp" 671
"../../../Engine/Content/EngineMaterials/BaseFlattenNormalMap.uasset" 672
"../../../Engine/Content/EngineMaterials/BaseFlattenNormalMap.uexp" 673
"../../../Engine/Content/EngineMaterials/BaseFlattenGrayscaleMap.uasset" 674
"../../../Engine/Content/EngineMaterials/BaseFlattenGrayscaleMap.uexp" 675
"../../../Engine/Content/EngineMaterials/BaseFlattenDiffuseMap.uasset" 676
"../../../Engine/Content/EngineMaterials/BaseFlattenDiffuseMap.uexp" 677
"../../../Engine/Content/Functions/Engine_MaterialFunctions02/PivotPainter2/Black_1x1_EXR_Texture.uasset" 678
"../../../Engine/Content/Functions/Engine_MaterialFunctions02/PivotPainter2/Black_1x1_EXR_Texture.uexp" 679
"../../../Engine/Content/EngineMaterials/BaseFlattenEmissiveMap.uasset" 680
"../../../Engine/Content/EngineMaterials/BaseFlattenEmissiveMap.uexp" 681
"../../../Engine/Content/EngineMaterials/BaseFlattenLinearColor.uasset" 682
"../../../Engine/Content/EngineMaterials/BaseFlattenLinearColor.uexp" 683
"../../../Engine/Content/EngineMaterials/FlattenMaterial.uasset" 684
"../../../Engine/Content/EngineMaterials/FlattenMaterial.uexp" 685
"../../../Engine/Content/EngineMaterials/BaseFlattenEmissiveMap_VT.uasset" 686
"../../../Engine/Content/EngineMaterials/BaseFlattenEmissiveMap_VT.uexp" 687
"../../../Engine/Content/EngineMaterials/BaseFlattenGrayscaleMap_VT.uasset" 688
"../../../Engine/Content/EngineMaterials/BaseFlattenGrayscaleMap_VT.uexp" 689
"../../../Engine/Content/EngineMaterials/BaseFlattenLinearColor_VT.uasset" 690
"../../../Engine/Content/EngineMaterials/BaseFlattenLinearColor_VT.uexp" 691
"../../../Engine/Content/EngineMaterials/Black_1x1_EXR_Texture_VT.uasset" 692
"../../../Engine/Content/EngineMaterials/Black_1x1_EXR_Texture_VT.uexp" 693
"../../../Engine/Content/EngineMaterials/BaseFlattenDiffuseMap_VT.uasset" 694
"../../../Engine/Content/EngineMaterials/BaseFlattenDiffuseMap_VT.uexp" 695
"../../../Engine/Content/EngineMaterials/BaseFlattenNormalMap_VT.uasset" 696
"../../../Engine/Content/EngineMaterials/BaseFlattenNormalMap_VT.uexp" 697
"../../../Engine/Content/EngineMaterials/FlattenMaterial_VT.uasset" 698
"../../../Engine/Content/EngineMaterials/FlattenMaterial_VT.uexp" 699
"../../../Engine/Content/EngineMaterials/FlattenMaterial_WS_Normal_VT.uasset" 700
"../../../Engine/Content/EngineMaterials/FlattenMaterial_WS_Normal_VT.uexp" 701
"../../../Engine/Content/EngineMaterials/GizmoMaterial.uasset" 702
"../../../Engine/Content/EngineMaterials/GizmoMaterial.uexp" 703
"../../../Engine/Content/EngineMaterials/InvalidLightmapSettings.ubulk" 704
"../../../Engine/Content/EngineMaterials/InvalidLightmapSettings.uasset" 705
"../../../Engine/Content/EngineMaterials/InvalidLightmapSettings.uexp" 706
"../../../Engine/Content/EngineMaterials/M_InvalidLightmapSettings.uasset" 707
"../../../Engine/Content/EngineMaterials/M_InvalidLightmapSettings.uexp" 708
"../../../Engine/Content/EngineMaterials/NaniteHiddenSectionMaterial.uasset" 709
"../../../Engine/Content/EngineMaterials/NaniteHiddenSectionMaterial.uexp" 710
"../../../Engine/Content/Functions/Engine_MaterialFunctions02/WorldPositionOffset/CameraOffset.uasset" 711
"../../../Engine/Content/Functions/Engine_MaterialFunctions02/WorldPositionOffset/CameraOffset.uexp" 712
"../../../Engine/Content/EngineMaterials/PhAT_JointLimitMaterial.uasset" 713
"../../../Engine/Content/EngineMaterials/PhAT_JointLimitMaterial.uexp" 714
"../../../Engine/Content/EngineMaterials/DefaultCalibrationColor.uasset" 715
"../../../Engine/Content/EngineMaterials/DefaultCalibrationColor.uexp" 716
"../../../Engine/Content/EngineMaterials/PPM_DefaultCalibrationColor.uasset" 717
"../../../Engine/Content/EngineMaterials/PPM_DefaultCalibrationColor.uexp" 718
"../../../Engine/Content/EngineMaterials/DefaultCalibrationGrayscale.uasset" 719
"../../../Engine/Content/EngineMaterials/DefaultCalibrationGrayscale.uexp" 720
"../../../Engine/Content/EngineMaterials/PPM_DefaultCalibrationGrayscale.uasset" 721
"../../../Engine/Content/EngineMaterials/PPM_DefaultCalibrationGrayscale.uexp" 722
"../../../Engine/Content/EngineMaterials/RemoveSurfaceMaterial.uasset" 723
"../../../Engine/Content/EngineMaterials/RemoveSurfaceMaterial.uexp" 724
"../../../Engine/Plugins/Animation/ControlRig/Content/Controls/ControlRigGizmoMaterial.uasset" 725
"../../../Engine/Plugins/Animation/ControlRig/Content/Controls/ControlRigGizmoMaterial.uexp" 726
"../../../Engine/Plugins/Animation/ControlRig/Content/Controls/ControlRigXRayMaterial.uasset" 727
"../../../Engine/Plugins/Animation/ControlRig/Content/Controls/ControlRigXRayMaterial.uexp" 728
"../../../Engine/Plugins/Editor/SpeedTreeImporter/Content/SpeedTree9/game_wind_noise.ubulk" 729
"../../../Engine/Plugins/Editor/SpeedTreeImporter/Content/SpeedTree9/game_wind_noise.uasset" 730
"../../../Engine/Plugins/Editor/SpeedTreeImporter/Content/SpeedTree9/game_wind_noise.uexp" 731
"../../../Engine/Plugins/Editor/SpeedTreeImporter/Content/SpeedTree9/UnpackDirection.uasset" 732
"../../../Engine/Plugins/Editor/SpeedTreeImporter/Content/SpeedTree9/UnpackDirection.uexp" 733
"../../../Engine/Content/Functions/Engine_MaterialFunctions02/ObjectLocalBounds.uasset" 734
"../../../Engine/Content/Functions/Engine_MaterialFunctions02/ObjectLocalBounds.uexp" 735
"../../../Engine/Content/Functions/Engine_MaterialFunctions02/Utility/BreakOutFloat3Components.uasset" 736
"../../../Engine/Content/Functions/Engine_MaterialFunctions02/Utility/BreakOutFloat3Components.uexp" 737
"../../../Engine/Content/Functions/Engine_MaterialFunctions02/UVs/BoundingBoxBased_0-1_UVW.uasset" 738
"../../../Engine/Content/Functions/Engine_MaterialFunctions02/UVs/BoundingBoxBased_0-1_UVW.uexp" 739
"../../../Engine/Plugins/Editor/SpeedTreeImporter/Content/SpeedTree9/SpeedTreeBillboard.uasset" 740
"../../../Engine/Plugins/Editor/SpeedTreeImporter/Content/SpeedTree9/SpeedTreeBillboard.uexp" 741
"../../../Engine/Plugins/Editor/SpeedTreeImporter/Content/SpeedTree9/UnpackInteger3.uasset" 742
"../../../Engine/Plugins/Editor/SpeedTreeImporter/Content/SpeedTree9/UnpackInteger3.uexp" 743
"../../../Engine/Content/Functions/Engine_MaterialFunctions02/WorldPositionOffset/ObjectScale.uasset" 744
"../../../Engine/Content/Functions/Engine_MaterialFunctions02/WorldPositionOffset/ObjectScale.uexp" 745
"../../../Engine/Content/Functions/Engine_MaterialFunctions02/SafeNormalize.uasset" 746
"../../../Engine/Content/Functions/Engine_MaterialFunctions02/SafeNormalize.uexp" 747
"../../../Engine/Plugins/Editor/SpeedTreeImporter/Content/SpeedTree9/SpeedTreeWindMotion.uasset" 748
"../../../Engine/Plugins/Editor/SpeedTreeImporter/Content/SpeedTree9/SpeedTreeWindMotion.uexp" 749
"../../../Engine/Plugins/Editor/SpeedTreeImporter/Content/SpeedTree9/SpeedTreeBranchMotion.uasset" 750
"../../../Engine/Plugins/Editor/SpeedTreeImporter/Content/SpeedTree9/SpeedTreeBranchMotion.uexp" 751
"../../../Engine/Plugins/Editor/SpeedTreeImporter/Content/SpeedTree9/SpeedTreeWind.uasset" 752
"../../../Engine/Plugins/Editor/SpeedTreeImporter/Content/SpeedTree9/SpeedTreeWind.uexp" 753
"../../../Engine/Plugins/Editor/SpeedTreeImporter/Content/SpeedTree9/EmptyNormal.uasset" 754
"../../../Engine/Plugins/Editor/SpeedTreeImporter/Content/SpeedTree9/EmptyNormal.uexp" 755
"../../../Engine/Plugins/Editor/SpeedTreeImporter/Content/SpeedTree9/Empty.uasset" 756
"../../../Engine/Plugins/Editor/SpeedTreeImporter/Content/SpeedTree9/Empty.uexp" 757
"../../../Engine/Plugins/Editor/SpeedTreeImporter/Content/SpeedTree9/SpeedTreeBillboardMaster.uasset" 758
"../../../Engine/Plugins/Editor/SpeedTreeImporter/Content/SpeedTree9/SpeedTreeBillboardMaster.uexp" 759
"../../../Engine/Plugins/Editor/SpeedTreeImporter/Content/SpeedTree9/SpeedTreeCameraFacing.uasset" 760
"../../../Engine/Plugins/Editor/SpeedTreeImporter/Content/SpeedTree9/SpeedTreeCameraFacing.uexp" 761
"../../../Engine/Plugins/Editor/SpeedTreeImporter/Content/SpeedTree9/SpeedTreeMaster.uasset" 762
"../../../Engine/Plugins/Editor/SpeedTreeImporter/Content/SpeedTree9/SpeedTreeMaster.uexp" 763
"../../../Engine/Plugins/Interchange/Assets/Content/Functions/MX_AbsorptionVDF.uasset" 764
"../../../Engine/Plugins/Interchange/Assets/Content/Functions/MX_AbsorptionVDF.uexp" 765
"../../../Engine/Plugins/Interchange/Assets/Content/Functions/MX_AnisotropicVDF.uasset" 766
"../../../Engine/Plugins/Interchange/Assets/Content/Functions/MX_AnisotropicVDF.uexp" 767
"../../../Engine/Plugins/Interchange/Assets/Content/Functions/MX_BurleyDiffuseBSDF.uasset" 768
"../../../Engine/Plugins/Interchange/Assets/Content/Functions/MX_BurleyDiffuseBSDF.uexp" 769
"../../../Engine/Plugins/Interchange/Assets/Content/Functions/MX_ConductorBSDF.uasset" 770
"../../../Engine/Plugins/Interchange/Assets/Content/Functions/MX_ConductorBSDF.uexp" 771
"../../../Engine/Plugins/Interchange/Assets/Content/Functions/MX_ConicalEDF.uasset" 772
"../../../Engine/Plugins/Interchange/Assets/Content/Functions/MX_ConicalEDF.uexp" 773
"../../../Engine/Plugins/Interchange/Assets/Content/Functions/MX_DielectricBSDF.uasset" 774
"../../../Engine/Plugins/Interchange/Assets/Content/Functions/MX_DielectricBSDF.uexp" 775
"../../../Engine/Plugins/Interchange/Assets/Content/Functions/MX_GeneralizedSchlickBSDF.uasset" 776
"../../../Engine/Plugins/Interchange/Assets/Content/Functions/MX_GeneralizedSchlickBSDF.uexp" 777
"../../../Engine/Plugins/Interchange/Assets/Content/Functions/MX_MeasuredEDF.uasset" 778
"../../../Engine/Plugins/Interchange/Assets/Content/Functions/MX_MeasuredEDF.uexp" 779
"../../../Engine/Plugins/Interchange/Assets/Content/Utilities/New_LUT.uasset" 780
"../../../Engine/Plugins/Interchange/Assets/Content/Utilities/New_LUT.uexp" 781
"../../../Engine/Content/Functions/Engine_MaterialFunctions03/Math/RemapValueRange.uasset" 782
"../../../Engine/Content/Functions/Engine_MaterialFunctions03/Math/RemapValueRange.uexp" 783
"../../../Engine/Plugins/Interchange/Assets/Content/Functions/MF_Iridescence.uasset" 784
"../../../Engine/Plugins/Interchange/Assets/Content/Functions/MF_Iridescence.uexp" 785
"../../../Engine/Plugins/Interchange/Assets/Content/Functions/MX_StandardSurface.uasset" 786
"../../../Engine/Plugins/Interchange/Assets/Content/Functions/MX_StandardSurface.uexp" 787
"../../../Engine/Plugins/Interchange/Assets/Content/Functions/MX_OpenPBR_Opaque.uasset" 788
"../../../Engine/Plugins/Interchange/Assets/Content/Functions/MX_OpenPBR_Opaque.uexp" 789
"../../../Engine/Plugins/Interchange/Assets/Content/Functions/MX_TransmissionSurface.uasset" 790
"../../../Engine/Plugins/Interchange/Assets/Content/Functions/MX_TransmissionSurface.uexp" 791
"../../../Engine/Plugins/Interchange/Assets/Content/Functions/MX_OpenPBR_Translucent.uasset" 792
"../../../Engine/Plugins/Interchange/Assets/Content/Functions/MX_OpenPBR_Translucent.uexp" 793
"../../../Engine/Plugins/Interchange/Assets/Content/Functions/MX_OrenNayarBSDF.uasset" 794
"../../../Engine/Plugins/Interchange/Assets/Content/Functions/MX_OrenNayarBSDF.uexp" 795
"../../../Engine/Plugins/Interchange/Assets/Content/Functions/MX_SheenBSDF.uasset" 796
"../../../Engine/Plugins/Interchange/Assets/Content/Functions/MX_SheenBSDF.uexp" 797
"../../../Engine/Plugins/Interchange/Assets/Content/Functions/MX_SubsurfaceBSDF.uasset" 798
"../../../Engine/Plugins/Interchange/Assets/Content/Functions/MX_SubsurfaceBSDF.uexp" 799
"../../../Engine/Plugins/Interchange/Assets/Content/Functions/MX_Surface.uasset" 800
"../../../Engine/Plugins/Interchange/Assets/Content/Functions/MX_Surface.uexp" 801
"../../../Engine/Plugins/Interchange/Assets/Content/Functions/MX_SurfaceUnlit.uasset" 802
"../../../Engine/Plugins/Interchange/Assets/Content/Functions/MX_SurfaceUnlit.uexp" 803
"../../../Engine/Plugins/Interchange/Assets/Content/Functions/MX_ThinFilmBSDF.uasset" 804
"../../../Engine/Plugins/Interchange/Assets/Content/Functions/MX_ThinFilmBSDF.uexp" 805
"../../../Engine/Plugins/Interchange/Assets/Content/Functions/MX_TranslucentBSDF.uasset" 806
"../../../Engine/Plugins/Interchange/Assets/Content/Functions/MX_TranslucentBSDF.uexp" 807
"../../../Engine/Plugins/Interchange/Assets/Content/Functions/MX_UniformEDF.uasset" 808
"../../../Engine/Plugins/Interchange/Assets/Content/Functions/MX_UniformEDF.uexp" 809
"../../../Engine/Plugins/Interchange/Assets/Content/Functions/MX_UsdPreviewSurface.uasset" 810
"../../../Engine/Plugins/Interchange/Assets/Content/Functions/MX_UsdPreviewSurface.uexp" 811
"../../../Engine/Plugins/Runtime/HairStrands/Content/Materials/HairCardsDefaultMaterial.uasset" 812
"../../../Engine/Plugins/Runtime/HairStrands/Content/Materials/HairCardsDefaultMaterial.uexp" 813
"../../../Engine/Plugins/Runtime/HairStrands/Content/Materials/HairGroupColors.uasset" 814
"../../../Engine/Plugins/Runtime/HairStrands/Content/Materials/HairGroupColors.uexp" 815
"../../../Engine/Content/Functions/Engine_MaterialFunctions02/Utility/MakeFloat2.uasset" 816
"../../../Engine/Content/Functions/Engine_MaterialFunctions02/Utility/MakeFloat2.uexp" 817
"../../../Engine/Content/Functions/Engine_MaterialFunctions02/Utility/MakeFloat3.uasset" 818
"../../../Engine/Content/Functions/Engine_MaterialFunctions02/Utility/MakeFloat3.uexp" 819
"../../../Engine/Content/EngineMaterials/HairColorMap.uasset" 820
"../../../Engine/Content/EngineMaterials/HairColorMap.uexp" 821
"../../../Engine/Content/EngineMaterials/HairDebugColor.uasset" 822
"../../../Engine/Content/EngineMaterials/HairDebugColor.uexp" 823
"../../../Engine/Plugins/Runtime/HairStrands/Content/Materials/HairDebugMaterial.uasset" 824
"../../../Engine/Plugins/Runtime/HairStrands/Content/Materials/HairDebugMaterial.uexp" 825
"../../../Engine/Plugins/Runtime/HairStrands/Content/Materials/HairDefaultMaterial.uasset" 826
"../../../Engine/Plugins/Runtime/HairStrands/Content/Materials/HairDefaultMaterial.uexp" 827
"../../../Engine/Plugins/Runtime/HairStrands/Content/Materials/HairMeshesDefaultMaterial.uasset" 828
"../../../Engine/Plugins/Runtime/HairStrands/Content/Materials/HairMeshesDefaultMaterial.uexp" 829
"../../../Engine/Plugins/Runtime/MeshModelingToolset/Content/Materials/M_DynamicMeshComponentVtxColor.uasset" 830
"../../../Engine/Plugins/Runtime/MeshModelingToolset/Content/Materials/M_DynamicMeshComponentVtxColor.uexp" 831
"../../../Engine/Plugins/Animation/ControlRig/Content/M_Manip.uasset" 832
"../../../Engine/Plugins/Animation/ControlRig/Content/M_Manip.uexp" 833
"../../../Engine/Content/EngineMeshes/Sphere.ubulk" 834
"../../../Engine/Content/EngineMeshes/Sphere.uasset" 835
"../../../Engine/Content/EngineMeshes/Sphere.uexp" 836
"../../../Engine/Plugins/NNE/NNEDenoiser/Content/NNEDTOM_Output_Default.uasset" 837
"../../../Engine/Plugins/NNE/NNEDenoiser/Content/NNEDTOM_Output_Default.uexp" 838
"../../../Engine/Plugins/NNE/NNEDenoiser/Content/NNEDTOM_Output_Alpha.uasset" 839
"../../../Engine/Plugins/NNE/NNEDenoiser/Content/NNEDTOM_Output_Alpha.uexp" 840
"../../../Engine/Plugins/NNE/NNEDenoiser/Content/NNEDTIM_ColorAlbedoNormal_Default.uasset" 841
"../../../Engine/Plugins/NNE/NNEDenoiser/Content/NNEDTIM_ColorAlbedoNormal_Default.uexp" 842
"../../../Engine/Plugins/NNE/NNEDenoiser/Content/NNEDTIM_ColorAlbedoNormal_Alpha.uasset" 843
"../../../Engine/Plugins/NNE/NNEDenoiser/Content/NNEDTIM_ColorAlbedoNormal_Alpha.uexp" 844
"../../../Engine/Plugins/NNE/NNEDenoiser/Content/NNEDOM_Output_Default.uasset" 845
"../../../Engine/Plugins/NNE/NNEDenoiser/Content/NNEDOM_Output_Default.uexp" 846
"../../../Engine/Plugins/NNE/NNEDenoiser/Content/NNEDOM_Output_Alpha.uasset" 847
"../../../Engine/Plugins/NNE/NNEDenoiser/Content/NNEDOM_Output_Alpha.uexp" 848
"../../../Engine/Plugins/NNE/NNEDenoiser/Content/NNEDIM_HighQuality_Default.uasset" 849
"../../../Engine/Plugins/NNE/NNEDenoiser/Content/NNEDIM_HighQuality_Default.uexp" 850
"../../../Engine/Plugins/NNE/NNEDenoiser/Content/NNEDIM_HighQuality_Alpha.uasset" 851
"../../../Engine/Plugins/NNE/NNEDenoiser/Content/NNEDIM_HighQuality_Alpha.uexp" 852
"../../../Engine/Plugins/NNE/NNEDenoiser/Content/NNEDIM_ColorAlbedoNormal_Default.uasset" 853
"../../../Engine/Plugins/NNE/NNEDenoiser/Content/NNEDIM_ColorAlbedoNormal_Default.uexp" 854
"../../../Engine/Plugins/NNE/NNEDenoiser/Content/NNEDIM_ColorAlbedoNormal_Alpha.uasset" 855
"../../../Engine/Plugins/NNE/NNEDenoiser/Content/NNEDIM_ColorAlbedoNormal_Alpha.uexp" 856
"../../../Engine/Plugins/Media/MediaPlate/Content/SM_MediaPlateScreen.ubulk" 857
"../../../Engine/Plugins/Media/MediaPlate/Content/SM_MediaPlateScreen.uasset" 858
"../../../Engine/Plugins/Media/MediaPlate/Content/SM_MediaPlateScreen.uexp" 859
"../../../Engine/Plugins/2D/Paper2D/Content/DefaultSpriteMaterial.uasset" 860
"../../../Engine/Plugins/2D/Paper2D/Content/DefaultSpriteMaterial.uexp" 861
"../../../Engine/Plugins/2D/Paper2D/Content/OpaqueUnlitSpriteMaterial.uasset" 862
"../../../Engine/Plugins/2D/Paper2D/Content/OpaqueUnlitSpriteMaterial.uexp" 863
"../../../Engine/Plugins/2D/Paper2D/Content/MaskedUnlitSpriteMaterial.uasset" 864
"../../../Engine/Plugins/2D/Paper2D/Content/MaskedUnlitSpriteMaterial.uexp" 865
"../../../Engine/Content/Functions/Engine_MaterialFunctions02/Texturing/CustomRotator.uasset" 866
"../../../Engine/Content/Functions/Engine_MaterialFunctions02/Texturing/CustomRotator.uexp" 867
"../../../Engine/Plugins/Runtime/AudioWidgets/Content/AudioMaterialSlate/Functions/MF_SingleLine_Smooth.uasset" 868
"../../../Engine/Plugins/Runtime/AudioWidgets/Content/AudioMaterialSlate/Functions/MF_SingleLine_Smooth.uexp" 869
"../../../Engine/Plugins/Runtime/AudioWidgets/Content/AudioMaterialSlate/Functions/MF_AngleGradient.uasset" 870
"../../../Engine/Plugins/Runtime/AudioWidgets/Content/AudioMaterialSlate/Functions/MF_AngleGradient.uexp" 871
"../../../Engine/Plugins/Runtime/AudioWidgets/Content/AudioMaterialSlate/Functions/MF_SingleLine.uasset" 872
"../../../Engine/Plugins/Runtime/AudioWidgets/Content/AudioMaterialSlate/Functions/MF_SingleLine.uexp" 873
"../../../Engine/Content/Functions/Engine_MaterialFunctions01/Gradient/SphereGradient-2D.uasset" 874
"../../../Engine/Content/Functions/Engine_MaterialFunctions01/Gradient/SphereGradient-2D.uexp" 875
"../../../Engine/Plugins/Runtime/AudioWidgets/Content/AudioMaterialSlate/M_AudioMaterialToggleButton.uasset" 876
"../../../Engine/Plugins/Runtime/AudioWidgets/Content/AudioMaterialSlate/M_AudioMaterialToggleButton.uexp" 877
"../../../Engine/Plugins/Runtime/AudioWidgets/Content/AudioMaterialSlate/MI_AudioMaterialToggleButton.uasset" 878
"../../../Engine/Plugins/Runtime/AudioWidgets/Content/AudioMaterialSlate/MI_AudioMaterialToggleButton.uexp" 879
"../../../Engine/Content/Functions/Engine_MaterialFunctions01/Gradient/GeneratedRoundRect.uasset" 880
"../../../Engine/Content/Functions/Engine_MaterialFunctions01/Gradient/GeneratedRoundRect.uexp" 881
"../../../Engine/Plugins/Runtime/AudioWidgets/Content/AudioMaterialSlate/M_AudioMaterialRoundedSlider.uasset" 882
"../../../Engine/Plugins/Runtime/AudioWidgets/Content/AudioMaterialSlate/M_AudioMaterialRoundedSlider.uexp" 883
"../../../Engine/Plugins/Runtime/AudioWidgets/Content/AudioMaterialSlate/MI_AudioMaterialRoundedSlider.uasset" 884
"../../../Engine/Plugins/Runtime/AudioWidgets/Content/AudioMaterialSlate/MI_AudioMaterialRoundedSlider.uexp" 885
"../../../Engine/Plugins/Runtime/AudioWidgets/Content/AudioMaterialSlate/Functions/MF_Lines.uasset" 886
"../../../Engine/Plugins/Runtime/AudioWidgets/Content/AudioMaterialSlate/Functions/MF_Lines.uexp" 887
"../../../Engine/Content/Functions/Engine_MaterialFunctions02/Lerp_3Color.uasset" 888
"../../../Engine/Content/Functions/Engine_MaterialFunctions02/Lerp_3Color.uexp" 889
"../../../Engine/Plugins/Runtime/AudioWidgets/Content/AudioMaterialSlate/M_AudioMaterialMeter.uasset" 890
"../../../Engine/Plugins/Runtime/AudioWidgets/Content/AudioMaterialSlate/M_AudioMaterialMeter.uexp" 891
"../../../Engine/Plugins/Runtime/AudioWidgets/Content/AudioMaterialSlate/MI_AudioMaterialMeter.uasset" 892
"../../../Engine/Plugins/Runtime/AudioWidgets/Content/AudioMaterialSlate/MI_AudioMaterialMeter.uexp" 893
"../../../Engine/Plugins/Runtime/AudioWidgets/Content/AudioMaterialSlate/M_AudioMaterialKnob.uasset" 894
"../../../Engine/Plugins/Runtime/AudioWidgets/Content/AudioMaterialSlate/M_AudioMaterialKnob.uexp" 895
"../../../Engine/Plugins/Runtime/AudioWidgets/Content/AudioMaterialSlate/MI_AudioMaterialKnob.uasset" 896
"../../../Engine/Plugins/Runtime/AudioWidgets/Content/AudioMaterialSlate/MI_AudioMaterialKnob.uexp" 897
"../../../Engine/Plugins/Runtime/AudioWidgets/Content/AudioMaterialSlate/Functions/MF_DotOutlined.uasset" 898
"../../../Engine/Plugins/Runtime/AudioWidgets/Content/AudioMaterialSlate/Functions/MF_DotOutlined.uexp" 899
"../../../Engine/Plugins/Runtime/AudioWidgets/Content/AudioMaterialSlate/M_AudioMaterialEnvelope_ADSR.uasset" 900
"../../../Engine/Plugins/Runtime/AudioWidgets/Content/AudioMaterialSlate/M_AudioMaterialEnvelope_ADSR.uexp" 901
"../../../Engine/Plugins/Runtime/AudioWidgets/Content/AudioMaterialSlate/MI_AudioMaterialEnvelope_ADSR.uasset" 902
"../../../Engine/Plugins/Runtime/AudioWidgets/Content/AudioMaterialSlate/MI_AudioMaterialEnvelope_ADSR.uexp" 903
"../../../Engine/Plugins/Animation/ControlRig/Content/Controls/ControlRig_Wedge_solid.ubulk" 904
"../../../Engine/Plugins/Animation/ControlRig/Content/Controls/ControlRig_Wedge_solid.uasset" 905
"../../../Engine/Plugins/Animation/ControlRig/Content/Controls/ControlRig_Wedge_solid.uexp" 906
"../../../Engine/Plugins/Animation/ControlRig/Content/Controls/ControlRig_Wedge_3mm.ubulk" 907
"../../../Engine/Plugins/Animation/ControlRig/Content/Controls/ControlRig_Wedge_3mm.uasset" 908
"../../../Engine/Plugins/Animation/ControlRig/Content/Controls/ControlRig_Wedge_3mm.uexp" 909
"../../../Engine/Plugins/Animation/ControlRig/Content/Controls/ControlRig_Wedge_1mm.ubulk" 910
"../../../Engine/Plugins/Animation/ControlRig/Content/Controls/ControlRig_Wedge_1mm.uasset" 911
"../../../Engine/Plugins/Animation/ControlRig/Content/Controls/ControlRig_Wedge_1mm.uexp" 912
"../../../Engine/Plugins/Animation/ControlRig/Content/Controls/ControlRig_Triangle_solid.ubulk" 913
"../../../Engine/Plugins/Animation/ControlRig/Content/Controls/ControlRig_Triangle_solid.uasset" 914
"../../../Engine/Plugins/Animation/ControlRig/Content/Controls/ControlRig_Triangle_solid.uexp" 915
"../../../Engine/Plugins/Animation/ControlRig/Content/Controls/ControlRig_Triangle_3mm.ubulk" 916
"../../../Engine/Plugins/Animation/ControlRig/Content/Controls/ControlRig_Triangle_3mm.uasset" 917
"../../../Engine/Plugins/Animation/ControlRig/Content/Controls/ControlRig_Triangle_3mm.uexp" 918
"../../../Engine/Plugins/Animation/ControlRig/Content/Controls/ControlRig_Triangle_1mm.ubulk" 919
"../../../Engine/Plugins/Animation/ControlRig/Content/Controls/ControlRig_Triangle_1mm.uasset" 920
"../../../Engine/Plugins/Animation/ControlRig/Content/Controls/ControlRig_Triangle_1mm.uexp" 921
"../../../Engine/Plugins/Animation/ControlRig/Content/Controls/ControlRig_Star4_solid.ubulk" 922
"../../../Engine/Plugins/Animation/ControlRig/Content/Controls/ControlRig_Star4_solid.uasset" 923
"../../../Engine/Plugins/Animation/ControlRig/Content/Controls/ControlRig_Star4_solid.uexp" 924
"../../../Engine/Plugins/Animation/ControlRig/Content/Controls/ControlRig_Star4_3mm.ubulk" 925
"../../../Engine/Plugins/Animation/ControlRig/Content/Controls/ControlRig_Star4_3mm.uasset" 926
"../../../Engine/Plugins/Animation/ControlRig/Content/Controls/ControlRig_Star4_3mm.uexp" 927
"../../../Engine/Plugins/Animation/ControlRig/Content/Controls/ControlRig_Star4_1mm.ubulk" 928
"../../../Engine/Plugins/Animation/ControlRig/Content/Controls/ControlRig_Star4_1mm.uasset" 929
"../../../Engine/Plugins/Animation/ControlRig/Content/Controls/ControlRig_Star4_1mm.uexp" 930
"../../../Engine/Plugins/Animation/ControlRig/Content/Controls/ControlRig_Square_solid.ubulk" 931
"../../../Engine/Plugins/Animation/ControlRig/Content/Controls/ControlRig_Square_solid.uasset" 932
"../../../Engine/Plugins/Animation/ControlRig/Content/Controls/ControlRig_Square_solid.uexp" 933
"../../../Engine/Plugins/Animation/ControlRig/Content/Controls/ControlRig_Square_3mm.ubulk" 934
"../../../Engine/Plugins/Animation/ControlRig/Content/Controls/ControlRig_Square_3mm.uasset" 935
"../../../Engine/Plugins/Animation/ControlRig/Content/Controls/ControlRig_Square_3mm.uexp" 936
"../../../Engine/Plugins/Animation/ControlRig/Content/Controls/ControlRig_Square_1mm.ubulk" 937
"../../../Engine/Plugins/Animation/ControlRig/Content/Controls/ControlRig_Square_1mm.uasset" 938
"../../../Engine/Plugins/Animation/ControlRig/Content/Controls/ControlRig_Square_1mm.uexp" 939
"../../../Engine/Plugins/Animation/ControlRig/Content/Controls/ControlRig_Sphere_solid.ubulk" 940
"../../../Engine/Plugins/Animation/ControlRig/Content/Controls/ControlRig_Sphere_solid.uasset" 941
"../../../Engine/Plugins/Animation/ControlRig/Content/Controls/ControlRig_Sphere_solid.uexp" 942
"../../../Engine/Plugins/Animation/ControlRig/Content/Controls/ControlRig_Sphere_3mm.ubulk" 943
"../../../Engine/Plugins/Animation/ControlRig/Content/Controls/ControlRig_Sphere_3mm.uasset" 944
"../../../Engine/Plugins/Animation/ControlRig/Content/Controls/ControlRig_Sphere_3mm.uexp" 945
"../../../Engine/Plugins/Animation/ControlRig/Content/Controls/ControlRig_Sphere_1mm.ubulk" 946
"../../../Engine/Plugins/Animation/ControlRig/Content/Controls/ControlRig_Sphere_1mm.uasset" 947
"../../../Engine/Plugins/Animation/ControlRig/Content/Controls/ControlRig_Sphere_1mm.uexp" 948
"../../../Engine/Plugins/Animation/ControlRig/Content/Controls/ControlRig_RoundedTriangle_solid.ubulk" 949
"../../../Engine/Plugins/Animation/ControlRig/Content/Controls/ControlRig_RoundedTriangle_solid.uasset" 950
"../../../Engine/Plugins/Animation/ControlRig/Content/Controls/ControlRig_RoundedTriangle_solid.uexp" 951
"../../../Engine/Plugins/Animation/ControlRig/Content/Controls/ControlRig_RoundedTriangle_3mm.ubulk" 952
"../../../Engine/Plugins/Animation/ControlRig/Content/Controls/ControlRig_RoundedTriangle_3mm.uasset" 953
"../../../Engine/Plugins/Animation/ControlRig/Content/Controls/ControlRig_RoundedTriangle_3mm.uexp" 954
"../../../Engine/Plugins/Animation/ControlRig/Content/Controls/ControlRig_RoundedTriangle_1mm.ubulk" 955
"../../../Engine/Plugins/Animation/ControlRig/Content/Controls/ControlRig_RoundedTriangle_1mm.uasset" 956
"../../../Engine/Plugins/Animation/ControlRig/Content/Controls/ControlRig_RoundedTriangle_1mm.uexp" 957
"../../../Engine/Plugins/Animation/ControlRig/Content/Controls/ControlRig_RoundedSquare_solid.ubulk" 958
"../../../Engine/Plugins/Animation/ControlRig/Content/Controls/ControlRig_RoundedSquare_solid.uasset" 959
"../../../Engine/Plugins/Animation/ControlRig/Content/Controls/ControlRig_RoundedSquare_solid.uexp" 960
"../../../Engine/Plugins/Animation/ControlRig/Content/Controls/ControlRig_RoundedSquare_3mm.ubulk" 961
"../../../Engine/Plugins/Animation/ControlRig/Content/Controls/ControlRig_RoundedSquare_3mm.uasset" 962
"../../../Engine/Plugins/Animation/ControlRig/Content/Controls/ControlRig_RoundedSquare_3mm.uexp" 963
"../../../Engine/Plugins/Animation/ControlRig/Content/Controls/ControlRig_RoundedSquare_1mm.ubulk" 964
"../../../Engine/Plugins/Animation/ControlRig/Content/Controls/ControlRig_RoundedSquare_1mm.uasset" 965
"../../../Engine/Plugins/Animation/ControlRig/Content/Controls/ControlRig_RoundedSquare_1mm.uexp" 966
"../../../Engine/Plugins/Animation/ControlRig/Content/Controls/ControlRig_QuarterCircle_solid.ubulk" 967
"../../../Engine/Plugins/Animation/ControlRig/Content/Controls/ControlRig_QuarterCircle_solid.uasset" 968
"../../../Engine/Plugins/Animation/ControlRig/Content/Controls/ControlRig_QuarterCircle_solid.uexp" 969
"../../../Engine/Plugins/Animation/ControlRig/Content/Controls/ControlRig_QuarterCircle_3mm.ubulk" 970
"../../../Engine/Plugins/Animation/ControlRig/Content/Controls/ControlRig_QuarterCircle_3mm.uasset" 971
"../../../Engine/Plugins/Animation/ControlRig/Content/Controls/ControlRig_QuarterCircle_3mm.uexp" 972
"../../../Engine/Plugins/Animation/ControlRig/Content/Controls/ControlRig_QuarterCircle_1mm.ubulk" 973
"../../../Engine/Plugins/Animation/ControlRig/Content/Controls/ControlRig_QuarterCircle_1mm.uasset" 974
"../../../Engine/Plugins/Animation/ControlRig/Content/Controls/ControlRig_QuarterCircle_1mm.uexp" 975
"../../../Engine/Plugins/Animation/ControlRig/Content/Controls/ControlRig_Pyramid_solid.ubulk" 976
"../../../Engine/Plugins/Animation/ControlRig/Content/Controls/ControlRig_Pyramid_solid.uasset" 977
"../../../Engine/Plugins/Animation/ControlRig/Content/Controls/ControlRig_Pyramid_solid.uexp" 978
"../../../Engine/Plugins/Animation/ControlRig/Content/Controls/ControlRig_Pyramid_3mm.ubulk" 979
"../../../Engine/Plugins/Animation/ControlRig/Content/Controls/ControlRig_Pyramid_3mm.uasset" 980
"../../../Engine/Plugins/Animation/ControlRig/Content/Controls/ControlRig_Pyramid_3mm.uexp" 981
"../../../Engine/Plugins/Animation/ControlRig/Content/Controls/ControlRig_Pyramid_1mm.ubulk" 982
"../../../Engine/Plugins/Animation/ControlRig/Content/Controls/ControlRig_Pyramid_1mm.uasset" 983
"../../../Engine/Plugins/Animation/ControlRig/Content/Controls/ControlRig_Pyramid_1mm.uexp" 984
"../../../Engine/Plugins/Animation/ControlRig/Content/Controls/ControlRig_Octagon_solid.ubulk" 985
"../../../Engine/Plugins/Animation/ControlRig/Content/Controls/ControlRig_Octagon_solid.uasset" 986
"../../../Engine/Plugins/Animation/ControlRig/Content/Controls/ControlRig_Octagon_solid.uexp" 987
"../../../Engine/Plugins/Animation/ControlRig/Content/Controls/ControlRig_Octagon_3mm.ubulk" 988
"../../../Engine/Plugins/Animation/ControlRig/Content/Controls/ControlRig_Octagon_3mm.uasset" 989
"../../../Engine/Plugins/Animation/ControlRig/Content/Controls/ControlRig_Octagon_3mm.uexp" 990
"../../../Engine/Plugins/Animation/ControlRig/Content/Controls/ControlRig_Octagon_1mm.ubulk" 991
"../../../Engine/Plugins/Animation/ControlRig/Content/Controls/ControlRig_Octagon_1mm.uasset" 992
"../../../Engine/Plugins/Animation/ControlRig/Content/Controls/ControlRig_Octagon_1mm.uexp" 993
"../../../Engine/Plugins/Animation/ControlRig/Content/Controls/ControlRig_Hexagon_solid.ubulk" 994
"../../../Engine/Plugins/Animation/ControlRig/Content/Controls/ControlRig_Hexagon_solid.uasset" 995
"../../../Engine/Plugins/Animation/ControlRig/Content/Controls/ControlRig_Hexagon_solid.uexp" 996
"../../../Engine/Plugins/Animation/ControlRig/Content/Controls/ControlRig_Hexagon_3mm.ubulk" 997
"../../../Engine/Plugins/Animation/ControlRig/Content/Controls/ControlRig_Hexagon_3mm.uasset" 998
"../../../Engine/Plugins/Animation/ControlRig/Content/Controls/ControlRig_Hexagon_3mm.uexp" 999
"../../../Engine/Plugins/Animation/ControlRig/Content/Controls/ControlRig_Hexagon_1mm.ubulk" 1000
"../../../Engine/Plugins/Animation/ControlRig/Content/Controls/ControlRig_Hexagon_1mm.uasset" 1001
"../../../Engine/Plugins/Animation/ControlRig/Content/Controls/ControlRig_Hexagon_1mm.uexp" 1002
"../../../Engine/Plugins/Animation/ControlRig/Content/Controls/ControlRig_HalfCircle_solid.ubulk" 1003
"../../../Engine/Plugins/Animation/ControlRig/Content/Controls/ControlRig_HalfCircle_solid.uasset" 1004
"../../../Engine/Plugins/Animation/ControlRig/Content/Controls/ControlRig_HalfCircle_solid.uexp" 1005
"../../../Engine/Plugins/Animation/ControlRig/Content/Controls/ControlRig_HalfCircle_3mm.ubulk" 1006
"../../../Engine/Plugins/Animation/ControlRig/Content/Controls/ControlRig_HalfCircle_3mm.uasset" 1007
"../../../Engine/Plugins/Animation/ControlRig/Content/Controls/ControlRig_HalfCircle_3mm.uexp" 1008
"../../../Engine/Plugins/Animation/ControlRig/Content/Controls/ControlRig_HalfCircle_1mm.ubulk" 1009
"../../../Engine/Plugins/Animation/ControlRig/Content/Controls/ControlRig_HalfCircle_1mm.uasset" 1010
"../../../Engine/Plugins/Animation/ControlRig/Content/Controls/ControlRig_HalfCircle_1mm.uexp" 1011
"../../../Engine/Plugins/Animation/ControlRig/Content/Controls/ControlRig_Diamond_solid.ubulk" 1012
"../../../Engine/Plugins/Animation/ControlRig/Content/Controls/ControlRig_Diamond_solid.uasset" 1013
"../../../Engine/Plugins/Animation/ControlRig/Content/Controls/ControlRig_Diamond_solid.uexp" 1014
"../../../Engine/Plugins/Animation/ControlRig/Content/Controls/ControlRig_Diamond_3mm.ubulk" 1015
"../../../Engine/Plugins/Animation/ControlRig/Content/Controls/ControlRig_Diamond_3mm.uasset" 1016
"../../../Engine/Plugins/Animation/ControlRig/Content/Controls/ControlRig_Diamond_3mm.uexp" 1017
"../../../Engine/Plugins/Animation/ControlRig/Content/Controls/ControlRig_Diamond_1mm.ubulk" 1018
"../../../Engine/Plugins/Animation/ControlRig/Content/Controls/ControlRig_Diamond_1mm.uasset" 1019
"../../../Engine/Plugins/Animation/ControlRig/Content/Controls/ControlRig_Diamond_1mm.uexp" 1020
"../../../Engine/Plugins/Animation/ControlRig/Content/Controls/ControlRig_Circle_solid.ubulk" 1021
"../../../Engine/Plugins/Animation/ControlRig/Content/Controls/ControlRig_Circle_solid.uasset" 1022
"../../../Engine/Plugins/Animation/ControlRig/Content/Controls/ControlRig_Circle_solid.uexp" 1023
"../../../Engine/Plugins/Animation/ControlRig/Content/Controls/ControlRig_Circle_3mm.ubulk" 1024
"../../../Engine/Plugins/Animation/ControlRig/Content/Controls/ControlRig_Circle_3mm.uasset" 1025
"../../../Engine/Plugins/Animation/ControlRig/Content/Controls/ControlRig_Circle_3mm.uexp" 1026
"../../../Engine/Plugins/Animation/ControlRig/Content/Controls/ControlRig_Circle_1mm.ubulk" 1027
"../../../Engine/Plugins/Animation/ControlRig/Content/Controls/ControlRig_Circle_1mm.uasset" 1028
"../../../Engine/Plugins/Animation/ControlRig/Content/Controls/ControlRig_Circle_1mm.uexp" 1029
"../../../Engine/Plugins/Animation/ControlRig/Content/Controls/ControlRig_Box_solid.ubulk" 1030
"../../../Engine/Plugins/Animation/ControlRig/Content/Controls/ControlRig_Box_solid.uasset" 1031
"../../../Engine/Plugins/Animation/ControlRig/Content/Controls/ControlRig_Box_solid.uexp" 1032
"../../../Engine/Plugins/Animation/ControlRig/Content/Controls/ControlRig_Box_3mm.ubulk" 1033
"../../../Engine/Plugins/Animation/ControlRig/Content/Controls/ControlRig_Box_3mm.uasset" 1034
"../../../Engine/Plugins/Animation/ControlRig/Content/Controls/ControlRig_Box_3mm.uexp" 1035
"../../../Engine/Plugins/Animation/ControlRig/Content/Controls/ControlRig_Box_1mm.ubulk" 1036
"../../../Engine/Plugins/Animation/ControlRig/Content/Controls/ControlRig_Box_1mm.uasset" 1037
"../../../Engine/Plugins/Animation/ControlRig/Content/Controls/ControlRig_Box_1mm.uexp" 1038
"../../../Engine/Plugins/Animation/ControlRig/Content/Controls/ControlRig_Arrow_solid.ubulk" 1039
"../../../Engine/Plugins/Animation/ControlRig/Content/Controls/ControlRig_Arrow_solid.uasset" 1040
"../../../Engine/Plugins/Animation/ControlRig/Content/Controls/ControlRig_Arrow_solid.uexp" 1041
"../../../Engine/Plugins/Animation/ControlRig/Content/Controls/ControlRig_Arrow_3mm.ubulk" 1042
"../../../Engine/Plugins/Animation/ControlRig/Content/Controls/ControlRig_Arrow_3mm.uasset" 1043
"../../../Engine/Plugins/Animation/ControlRig/Content/Controls/ControlRig_Arrow_3mm.uexp" 1044
"../../../Engine/Plugins/Animation/ControlRig/Content/Controls/ControlRig_Arrow_1mm.ubulk" 1045
"../../../Engine/Plugins/Animation/ControlRig/Content/Controls/ControlRig_Arrow_1mm.uasset" 1046
"../../../Engine/Plugins/Animation/ControlRig/Content/Controls/ControlRig_Arrow_1mm.uexp" 1047
"../../../Engine/Plugins/Animation/ControlRig/Content/Controls/ControlRig_Arrow4_solid.ubulk" 1048
"../../../Engine/Plugins/Animation/ControlRig/Content/Controls/ControlRig_Arrow4_solid.uasset" 1049
"../../../Engine/Plugins/Animation/ControlRig/Content/Controls/ControlRig_Arrow4_solid.uexp" 1050
"../../../Engine/Plugins/Animation/ControlRig/Content/Controls/ControlRig_Arrow4_3mm.ubulk" 1051
"../../../Engine/Plugins/Animation/ControlRig/Content/Controls/ControlRig_Arrow4_3mm.uasset" 1052
"../../../Engine/Plugins/Animation/ControlRig/Content/Controls/ControlRig_Arrow4_3mm.uexp" 1053
"../../../Engine/Plugins/Animation/ControlRig/Content/Controls/ControlRig_Arrow4_1mm.ubulk" 1054
"../../../Engine/Plugins/Animation/ControlRig/Content/Controls/ControlRig_Arrow4_1mm.uasset" 1055
"../../../Engine/Plugins/Animation/ControlRig/Content/Controls/ControlRig_Arrow4_1mm.uexp" 1056
"../../../Engine/Plugins/Animation/ControlRig/Content/Controls/ControlRig_Arrow2_solid.ubulk" 1057
"../../../Engine/Plugins/Animation/ControlRig/Content/Controls/ControlRig_Arrow2_solid.uasset" 1058
"../../../Engine/Plugins/Animation/ControlRig/Content/Controls/ControlRig_Arrow2_solid.uexp" 1059
"../../../Engine/Plugins/Animation/ControlRig/Content/Controls/ControlRig_Arrow2_3mm.ubulk" 1060
"../../../Engine/Plugins/Animation/ControlRig/Content/Controls/ControlRig_Arrow2_3mm.uasset" 1061
"../../../Engine/Plugins/Animation/ControlRig/Content/Controls/ControlRig_Arrow2_3mm.uexp" 1062
"../../../Engine/Plugins/Animation/ControlRig/Content/Controls/ControlRig_Arrow2_1mm.ubulk" 1063
"../../../Engine/Plugins/Animation/ControlRig/Content/Controls/ControlRig_Arrow2_1mm.uasset" 1064
"../../../Engine/Plugins/Animation/ControlRig/Content/Controls/ControlRig_Arrow2_1mm.uexp" 1065
"../../../Engine/Content/EngineResources/WhiteSquareTexture.uasset" 1066
"../../../Engine/Content/EngineResources/WhiteSquareTexture.uexp" 1067
"../../../Engine/Content/EngineMaterials/Widget3DPassThrough.uasset" 1068
"../../../Engine/Content/EngineMaterials/Widget3DPassThrough.uexp" 1069
"../../../Engine/Content/EngineMaterials/Widget3DPassThrough_Translucent.uasset" 1070
"../../../Engine/Content/EngineMaterials/Widget3DPassThrough_Translucent.uexp" 1071
"../../../Engine/Content/EngineMaterials/Widget3DPassThrough_Translucent_OneSided.uasset" 1072
"../../../Engine/Content/EngineMaterials/Widget3DPassThrough_Translucent_OneSided.uexp" 1073
"../../../Engine/Content/EngineMaterials/Widget3DPassThrough_Opaque.uasset" 1074
"../../../Engine/Content/EngineMaterials/Widget3DPassThrough_Opaque.uexp" 1075
"../../../Engine/Content/EngineMaterials/Widget3DPassThrough_Opaque_OneSided.uasset" 1076
"../../../Engine/Content/EngineMaterials/Widget3DPassThrough_Opaque_OneSided.uexp" 1077
"../../../Engine/Content/EngineMaterials/Widget3DPassThrough_Masked_OneSided.uasset" 1078
"../../../Engine/Content/EngineMaterials/Widget3DPassThrough_Masked_OneSided.uexp" 1079
"../../../Engine/Content/EngineMaterials/Widget3DPassThrough_Masked.uasset" 1080
"../../../Engine/Content/EngineMaterials/Widget3DPassThrough_Masked.uexp" 1081
"../../../Engine/Content/EngineMaterials/WeightMapPlaceholderTexture.uasset" 1082
"../../../Engine/Content/EngineMaterials/WeightMapPlaceholderTexture.uexp" 1083
"../../../Engine/Content/EngineMaterials/WeightMapArrayPlaceholderTexture.uasset" 1084
"../../../Engine/Content/EngineMaterials/WeightMapArrayPlaceholderTexture.uexp" 1085
"../../../Engine/Content/EditorLandscapeResources/SplineEditorMeshMat.uasset" 1086
"../../../Engine/Content/EditorLandscapeResources/SplineEditorMeshMat.uexp" 1087
"../../../Engine/Content/EditorLandscapeResources/SplineEditorMesh.ubulk" 1088
"../../../Engine/Content/EditorLandscapeResources/SplineEditorMesh.uasset" 1089
"../../../Engine/Content/EditorLandscapeResources/SplineEditorMesh.uexp" 1090
"../../../Engine/Content/BasicShapes/Sphere.ubulk" 1091
"../../../Engine/Content/BasicShapes/Sphere.uasset" 1092
"../../../Engine/Content/BasicShapes/Sphere.uexp" 1093
"../../../Engine/Content/BasicShapes/Plane.ubulk" 1094
"../../../Engine/Content/BasicShapes/Plane.uasset" 1095
"../../../Engine/Content/BasicShapes/Plane.uexp" 1096
"../../../Engine/Content/BasicShapes/Cone.ubulk" 1097
"../../../Engine/Content/BasicShapes/Cone.uasset" 1098
"../../../Engine/Content/BasicShapes/Cone.uexp" 1099
"../../../Engine/Plugins/Interchange/Assets/Content/gltf/Textures/T_White_srgb.uasset" 1100
"../../../Engine/Plugins/Interchange/Assets/Content/gltf/Textures/T_White_srgb.uexp" 1101
"../../../Engine/Plugins/Interchange/Assets/Content/gltf/MaterialFunctions/MF_BaseColor.uasset" 1102
"../../../Engine/Plugins/Interchange/Assets/Content/gltf/MaterialFunctions/MF_BaseColor.uexp" 1103
"../../../Engine/Plugins/Interchange/Assets/Content/gltf/MaterialFunctions/MF_RotateV2.uasset" 1104
"../../../Engine/Plugins/Interchange/Assets/Content/gltf/MaterialFunctions/MF_RotateV2.uexp" 1105
"../../../Engine/Plugins/Interchange/Assets/Content/gltf/MaterialFunctions/MF_TransformUVs.uasset" 1106
"../../../Engine/Plugins/Interchange/Assets/Content/gltf/MaterialFunctions/MF_TransformUVs.uexp" 1107
"../../../Engine/Plugins/Interchange/Assets/Content/gltf/MaterialBodies/MF_Unlit_Body.uasset" 1108
"../../../Engine/Plugins/Interchange/Assets/Content/gltf/MaterialBodies/MF_Unlit_Body.uexp" 1109
"../../../Engine/Plugins/Interchange/Assets/Content/gltf/M_Unlit.uasset" 1110
"../../../Engine/Plugins/Interchange/Assets/Content/gltf/M_Unlit.uexp" 1111
"../../../Engine/Plugins/Interchange/Assets/Content/gltf/MaterialInstances/MI_Unlit_Opaque_DS.uasset" 1112
"../../../Engine/Plugins/Interchange/Assets/Content/gltf/MaterialInstances/MI_Unlit_Opaque_DS.uexp" 1113
"../../../Engine/Plugins/Interchange/Assets/Content/gltf/MaterialInstances/MI_Unlit_Opaque.uasset" 1114
"../../../Engine/Plugins/Interchange/Assets/Content/gltf/MaterialInstances/MI_Unlit_Opaque.uexp" 1115
"../../../Engine/Plugins/Interchange/Assets/Content/gltf/MaterialInstances/MI_Unlit_Mask_DS.uasset" 1116
"../../../Engine/Plugins/Interchange/Assets/Content/gltf/MaterialInstances/MI_Unlit_Mask_DS.uexp" 1117
"../../../Engine/Plugins/Interchange/Assets/Content/gltf/MaterialInstances/MI_Unlit_Mask.uasset" 1118
"../../../Engine/Plugins/Interchange/Assets/Content/gltf/MaterialInstances/MI_Unlit_Mask.uexp" 1119
"../../../Engine/Plugins/Interchange/Assets/Content/gltf/MaterialInstances/MI_Unlit_Blend_DS.uasset" 1120
"../../../Engine/Plugins/Interchange/Assets/Content/gltf/MaterialInstances/MI_Unlit_Blend_DS.uexp" 1121
"../../../Engine/Plugins/Interchange/Assets/Content/gltf/MaterialInstances/MI_Unlit_Blend.uasset" 1122
"../../../Engine/Plugins/Interchange/Assets/Content/gltf/MaterialInstances/MI_Unlit_Blend.uexp" 1123
"../../../Engine/Content/Functions/Engine_MaterialFunctions02/Math/Transform3x3Matrix.uasset" 1124
"../../../Engine/Content/Functions/Engine_MaterialFunctions02/Math/Transform3x3Matrix.uexp" 1125
"../../../Engine/Content/EngineMaterials/Good64x64TilingNoiseHighFreq.uasset" 1126
"../../../Engine/Content/EngineMaterials/Good64x64TilingNoiseHighFreq.uexp" 1127
"../../../Engine/Content/Functions/Engine_MaterialFunctions02/Texturing/ScreenAlignedPixelToPixelUVs.uasset" 1128
"../../../Engine/Content/Functions/Engine_MaterialFunctions02/Texturing/ScreenAlignedPixelToPixelUVs.uexp" 1129
"../../../Engine/Plugins/Interchange/Assets/Content/gltf/MaterialFunctions/MF_Temporal_Blur.uasset" 1130
"../../../Engine/Plugins/Interchange/Assets/Content/gltf/MaterialFunctions/MF_Temporal_Blur.uexp" 1131
"../../../Engine/Plugins/Interchange/Assets/Content/gltf/MaterialFunctions/MF_Specular.uasset" 1132
"../../../Engine/Plugins/Interchange/Assets/Content/gltf/MaterialFunctions/MF_Specular.uexp" 1133
"../../../Engine/Plugins/Interchange/Assets/Content/gltf/Textures/T_Anisotropy_Direction_Linear.uasset" 1134
"../../../Engine/Plugins/Interchange/Assets/Content/gltf/Textures/T_Anisotropy_Direction_Linear.uexp" 1135
"../../../Engine/Plugins/Interchange/Assets/Content/gltf/MaterialFunctions/MF_SpecularAnisotropy.uasset" 1136
"../../../Engine/Plugins/Interchange/Assets/Content/gltf/MaterialFunctions/MF_SpecularAnisotropy.uexp" 1137
"../../../Engine/Plugins/Interchange/Assets/Content/gltf/Textures/T_White_Linear.uasset" 1138
"../../../Engine/Plugins/Interchange/Assets/Content/gltf/Textures/T_White_Linear.uexp" 1139
"../../../Engine/Plugins/Interchange/Assets/Content/gltf/MaterialFunctions/MF_MetallicRoughness.uasset" 1140
"../../../Engine/Plugins/Interchange/Assets/Content/gltf/MaterialFunctions/MF_MetallicRoughness.uexp" 1141
"../../../Engine/Plugins/Interchange/Assets/Content/gltf/Textures/T_Generic_N.uasset" 1142
"../../../Engine/Plugins/Interchange/Assets/Content/gltf/Textures/T_Generic_N.uexp" 1143
"../../../Engine/Plugins/Interchange/Assets/Content/gltf/MaterialFunctions/MF_ScaleNormal.uasset" 1144
"../../../Engine/Plugins/Interchange/Assets/Content/gltf/MaterialFunctions/MF_ScaleNormal.uexp" 1145
"../../../Engine/Plugins/Interchange/Assets/Content/gltf/MaterialFunctions/MF_Fresnel_DS.uasset" 1146
"../../../Engine/Plugins/Interchange/Assets/Content/gltf/MaterialFunctions/MF_Fresnel_DS.uexp" 1147
"../../../Engine/Plugins/Interchange/Assets/Content/gltf/MaterialFunctions/MF_Iridescence.uasset" 1148
"../../../Engine/Plugins/Interchange/Assets/Content/gltf/MaterialFunctions/MF_Iridescence.uexp" 1149
"../../../Engine/Plugins/Interchange/Assets/Content/gltf/MaterialFunctions/MF_Occlusion.uasset" 1150
"../../../Engine/Plugins/Interchange/Assets/Content/gltf/MaterialFunctions/MF_Occlusion.uexp" 1151
"../../../Engine/Plugins/Interchange/Assets/Content/gltf/MaterialFunctions/MF_IOR.uasset" 1152
"../../../Engine/Plugins/Interchange/Assets/Content/gltf/MaterialFunctions/MF_IOR.uexp" 1153
"../../../Engine/Plugins/Interchange/Assets/Content/gltf/MaterialFunctions/MF_Transmission.uasset" 1154
"../../../Engine/Plugins/Interchange/Assets/Content/gltf/MaterialFunctions/MF_Transmission.uexp" 1155
"../../../Engine/Plugins/Interchange/Assets/Content/gltf/MaterialFunctions/MF_RotateNormals_TS.uasset" 1156
"../../../Engine/Plugins/Interchange/Assets/Content/gltf/MaterialFunctions/MF_RotateNormals_TS.uexp" 1157
"../../../Engine/Plugins/Interchange/Assets/Content/gltf/MaterialFunctions/MF_Normals.uasset" 1158
"../../../Engine/Plugins/Interchange/Assets/Content/gltf/MaterialFunctions/MF_Normals.uexp" 1159
"../../../Engine/Plugins/Interchange/Assets/Content/gltf/MaterialBodies/MF_Transmission_Body.uasset" 1160
"../../../Engine/Plugins/Interchange/Assets/Content/gltf/MaterialBodies/MF_Transmission_Body.uexp" 1161
"../../../Engine/Plugins/Interchange/Assets/Content/gltf/M_Transmission.uasset" 1162
"../../../Engine/Plugins/Interchange/Assets/Content/gltf/M_Transmission.uexp" 1163
"../../../Engine/Plugins/Interchange/Assets/Content/gltf/MaterialInstances/MI_Transmission_DS.uasset" 1164
"../../../Engine/Plugins/Interchange/Assets/Content/gltf/MaterialInstances/MI_Transmission_DS.uexp" 1165
"../../../Engine/Plugins/Interchange/Assets/Content/gltf/MaterialInstances/MI_Transmission.uasset" 1166
"../../../Engine/Plugins/Interchange/Assets/Content/gltf/MaterialInstances/MI_Transmission.uexp" 1167
"../../../Engine/Content/Functions/Engine_MaterialFunctions02/Math/AddComponents.uasset" 1168
"../../../Engine/Content/Functions/Engine_MaterialFunctions02/Math/AddComponents.uexp" 1169
"../../../Engine/Plugins/Interchange/Assets/Content/gltf/MaterialFunctions/MF_DiffuseSpecGloss.uasset" 1170
"../../../Engine/Plugins/Interchange/Assets/Content/gltf/MaterialFunctions/MF_DiffuseSpecGloss.uexp" 1171
"../../../Engine/Plugins/Interchange/Assets/Content/gltf/MaterialFunctions/MF_Emissive.uasset" 1172
"../../../Engine/Plugins/Interchange/Assets/Content/gltf/MaterialFunctions/MF_Emissive.uexp" 1173
"../../../Engine/Plugins/Interchange/Assets/Content/gltf/MaterialFunctions/MF_PerceivedBrightness.uasset" 1174
"../../../Engine/Plugins/Interchange/Assets/Content/gltf/MaterialFunctions/MF_PerceivedBrightness.uexp" 1175
"../../../Engine/Plugins/Interchange/Assets/Content/gltf/MaterialFunctions/MF_SpecGlossToMetalRoughness.uasset" 1176
"../../../Engine/Plugins/Interchange/Assets/Content/gltf/MaterialFunctions/MF_SpecGlossToMetalRoughness.uexp" 1177
"../../../Engine/Plugins/Interchange/Assets/Content/gltf/MaterialFunctions/MF_MaxComponentValue.uasset" 1178
"../../../Engine/Plugins/Interchange/Assets/Content/gltf/MaterialFunctions/MF_MaxComponentValue.uexp" 1179
"../../../Engine/Plugins/Interchange/Assets/Content/gltf/MaterialBodies/MF_SpecularGlossiness_Body.uasset" 1180
"../../../Engine/Plugins/Interchange/Assets/Content/gltf/MaterialBodies/MF_SpecularGlossiness_Body.uexp" 1181
"../../../Engine/Plugins/Interchange/Assets/Content/gltf/M_SpecularGlossiness.uasset" 1182
"../../../Engine/Plugins/Interchange/Assets/Content/gltf/M_SpecularGlossiness.uexp" 1183
"../../../Engine/Plugins/Interchange/Assets/Content/gltf/MaterialInstances/MI_SpecularGlossiness_Opaque_DS.uasset" 1184
"../../../Engine/Plugins/Interchange/Assets/Content/gltf/MaterialInstances/MI_SpecularGlossiness_Opaque_DS.uexp" 1185
"../../../Engine/Plugins/Interchange/Assets/Content/gltf/MaterialInstances/MI_SpecularGlossiness_Opaque.uasset" 1186
"../../../Engine/Plugins/Interchange/Assets/Content/gltf/MaterialInstances/MI_SpecularGlossiness_Opaque.uexp" 1187
"../../../Engine/Plugins/Interchange/Assets/Content/gltf/MaterialInstances/MI_SpecularGlossiness_Mask_DS.uasset" 1188
"../../../Engine/Plugins/Interchange/Assets/Content/gltf/MaterialInstances/MI_SpecularGlossiness_Mask_DS.uexp" 1189
"../../../Engine/Plugins/Interchange/Assets/Content/gltf/MaterialInstances/MI_SpecularGlossiness_Mask.uasset" 1190
"../../../Engine/Plugins/Interchange/Assets/Content/gltf/MaterialInstances/MI_SpecularGlossiness_Mask.uexp" 1191
"../../../Engine/Plugins/Interchange/Assets/Content/gltf/MaterialInstances/MI_SpecularGlossiness_Blend_DS.uasset" 1192
"../../../Engine/Plugins/Interchange/Assets/Content/gltf/MaterialInstances/MI_SpecularGlossiness_Blend_DS.uexp" 1193
"../../../Engine/Plugins/Interchange/Assets/Content/gltf/MaterialInstances/MI_SpecularGlossiness_Blend.uasset" 1194
"../../../Engine/Plugins/Interchange/Assets/Content/gltf/MaterialInstances/MI_SpecularGlossiness_Blend.uexp" 1195
"../../../Engine/Plugins/Interchange/Assets/Content/gltf/MaterialFunctions/MF_Sheen.uasset" 1196
"../../../Engine/Plugins/Interchange/Assets/Content/gltf/MaterialFunctions/MF_Sheen.uexp" 1197
"../../../Engine/Plugins/Interchange/Assets/Content/gltf/MaterialBodies/MF_Sheen_Body.uasset" 1198
"../../../Engine/Plugins/Interchange/Assets/Content/gltf/MaterialBodies/MF_Sheen_Body.uexp" 1199
"../../../Engine/Plugins/Interchange/Assets/Content/gltf/M_Sheen.uasset" 1200
"../../../Engine/Plugins/Interchange/Assets/Content/gltf/M_Sheen.uexp" 1201
"../../../Engine/Plugins/Interchange/Assets/Content/gltf/MaterialInstances/MI_Sheen_Opaque_DS.uasset" 1202
"../../../Engine/Plugins/Interchange/Assets/Content/gltf/MaterialInstances/MI_Sheen_Opaque_DS.uexp" 1203
"../../../Engine/Plugins/Interchange/Assets/Content/gltf/MaterialInstances/MI_Sheen_Opaque.uasset" 1204
"../../../Engine/Plugins/Interchange/Assets/Content/gltf/MaterialInstances/MI_Sheen_Opaque.uexp" 1205
"../../../Engine/Plugins/Interchange/Assets/Content/gltf/MaterialInstances/MI_Sheen_Mask_DS.uasset" 1206
"../../../Engine/Plugins/Interchange/Assets/Content/gltf/MaterialInstances/MI_Sheen_Mask_DS.uexp" 1207
"../../../Engine/Plugins/Interchange/Assets/Content/gltf/MaterialInstances/MI_Sheen_Mask.uasset" 1208
"../../../Engine/Plugins/Interchange/Assets/Content/gltf/MaterialInstances/MI_Sheen_Mask.uexp" 1209
"../../../Engine/Plugins/Interchange/Assets/Content/gltf/MaterialInstances/MI_Sheen_Blend_DS.uasset" 1210
"../../../Engine/Plugins/Interchange/Assets/Content/gltf/MaterialInstances/MI_Sheen_Blend_DS.uexp" 1211
"../../../Engine/Plugins/Interchange/Assets/Content/gltf/MaterialInstances/MI_Sheen_Blend.uasset" 1212
"../../../Engine/Plugins/Interchange/Assets/Content/gltf/MaterialInstances/MI_Sheen_Blend.uexp" 1213
"../../../Engine/Plugins/Interchange/Assets/Content/gltf/MaterialBodies/MF_Default_Body.uasset" 1214
"../../../Engine/Plugins/Interchange/Assets/Content/gltf/MaterialBodies/MF_Default_Body.uexp" 1215
"../../../Engine/Plugins/Interchange/Assets/Content/gltf/M_Default.uasset" 1216
"../../../Engine/Plugins/Interchange/Assets/Content/gltf/M_Default.uexp" 1217
"../../../Engine/Plugins/Interchange/Assets/Content/gltf/MaterialInstances/MI_Default_Opaque_DS.uasset" 1218
"../../../Engine/Plugins/Interchange/Assets/Content/gltf/MaterialInstances/MI_Default_Opaque_DS.uexp" 1219
"../../../Engine/Plugins/Interchange/Assets/Content/gltf/MaterialInstances/MI_Default_Opaque.uasset" 1220
"../../../Engine/Plugins/Interchange/Assets/Content/gltf/MaterialInstances/MI_Default_Opaque.uexp" 1221
"../../../Engine/Plugins/Interchange/Assets/Content/gltf/MaterialInstances/MI_Default_Mask_DS.uasset" 1222
"../../../Engine/Plugins/Interchange/Assets/Content/gltf/MaterialInstances/MI_Default_Mask_DS.uexp" 1223
"../../../Engine/Plugins/Interchange/Assets/Content/gltf/MaterialInstances/MI_Default_Mask.uasset" 1224
"../../../Engine/Plugins/Interchange/Assets/Content/gltf/MaterialInstances/MI_Default_Mask.uexp" 1225
"../../../Engine/Plugins/Interchange/Assets/Content/gltf/MaterialInstances/MI_Default_Blend_DS.uasset" 1226
"../../../Engine/Plugins/Interchange/Assets/Content/gltf/MaterialInstances/MI_Default_Blend_DS.uexp" 1227
"../../../Engine/Plugins/Interchange/Assets/Content/gltf/MaterialInstances/MI_Default_Blend.uasset" 1228
"../../../Engine/Plugins/Interchange/Assets/Content/gltf/MaterialInstances/MI_Default_Blend.uexp" 1229
"../../../Engine/Content/Functions/Engine_MaterialFunctions01/Texturing/FlattenNormal.uasset" 1230
"../../../Engine/Content/Functions/Engine_MaterialFunctions01/Texturing/FlattenNormal.uexp" 1231
"../../../Engine/Plugins/Interchange/Assets/Content/gltf/MaterialFunctions/MF_Clearcoat.uasset" 1232
"../../../Engine/Plugins/Interchange/Assets/Content/gltf/MaterialFunctions/MF_Clearcoat.uexp" 1233
"../../../Engine/Plugins/Interchange/Assets/Content/gltf/MaterialBodies/MF_ClearCoat_Body.uasset" 1234
"../../../Engine/Plugins/Interchange/Assets/Content/gltf/MaterialBodies/MF_ClearCoat_Body.uexp" 1235
"../../../Engine/Plugins/Interchange/Assets/Content/gltf/M_ClearCoat.uasset" 1236
"../../../Engine/Plugins/Interchange/Assets/Content/gltf/M_ClearCoat.uexp" 1237
"../../../Engine/Plugins/Interchange/Assets/Content/gltf/MaterialInstances/MI_ClearCoat_Opaque_DS.uasset" 1238
"../../../Engine/Plugins/Interchange/Assets/Content/gltf/MaterialInstances/MI_ClearCoat_Opaque_DS.uexp" 1239
"../../../Engine/Plugins/Interchange/Assets/Content/gltf/MaterialInstances/MI_ClearCoat_Opaque.uasset" 1240
"../../../Engine/Plugins/Interchange/Assets/Content/gltf/MaterialInstances/MI_ClearCoat_Opaque.uexp" 1241
"../../../Engine/Plugins/Interchange/Assets/Content/gltf/MaterialInstances/MI_ClearCoat_Mask_DS.uasset" 1242
"../../../Engine/Plugins/Interchange/Assets/Content/gltf/MaterialInstances/MI_ClearCoat_Mask_DS.uexp" 1243
"../../../Engine/Plugins/Interchange/Assets/Content/gltf/MaterialInstances/MI_ClearCoat_Mask.uasset" 1244
"../../../Engine/Plugins/Interchange/Assets/Content/gltf/MaterialInstances/MI_ClearCoat_Mask.uexp" 1245
"../../../Engine/Plugins/Interchange/Assets/Content/gltf/MaterialInstances/MI_ClearCoat_Blend_DS.uasset" 1246
"../../../Engine/Plugins/Interchange/Assets/Content/gltf/MaterialInstances/MI_ClearCoat_Blend_DS.uexp" 1247
"../../../Engine/Plugins/Interchange/Assets/Content/gltf/MaterialInstances/MI_ClearCoat_Blend.uasset" 1248
"../../../Engine/Plugins/Interchange/Assets/Content/gltf/MaterialInstances/MI_ClearCoat_Blend.uexp" 1249
"../../../Engine/Content/VREditor/TransformGizmo/Main.uasset" 1250
"../../../Engine/Content/VREditor/TransformGizmo/Main.uexp" 1251
"../../../Engine/Content/VREditor/TransformGizmo/Xray.uasset" 1252
"../../../Engine/Content/VREditor/TransformGizmo/Xray.uexp" 1253
"../../../Engine/Content/VREditor/TransformGizmo/SM_Sequencer_Node.ubulk" 1254
"../../../Engine/Content/VREditor/TransformGizmo/SM_Sequencer_Node.uasset" 1255
"../../../Engine/Content/VREditor/TransformGizmo/SM_Sequencer_Node.uexp" 1256
"../../../Engine/Content/VREditor/LaserPointer/VR_LaserPower_01.ubulk" 1257
"../../../Engine/Content/VREditor/LaserPointer/VR_LaserPower_01.uasset" 1258
"../../../Engine/Content/VREditor/LaserPointer/VR_LaserPower_01.uexp" 1259
"../../../Engine/Content/VREditor/TransformGizmo/TransformGizmoMaterial.uasset" 1260
"../../../Engine/Content/VREditor/TransformGizmo/TransformGizmoMaterial.uexp" 1261
"../../../Engine/Content/VREditor/TransformGizmo/TranslucentTransformGizmoMaterial.uasset" 1262
"../../../Engine/Content/VREditor/TransformGizmo/TranslucentTransformGizmoMaterial.uexp" 1263
"../../../Engine/Content/VREditor/TransformGizmo/BoundingBoxEdge.ubulk" 1264
"../../../Engine/Content/VREditor/TransformGizmo/BoundingBoxEdge.uasset" 1265
"../../../Engine/Content/VREditor/TransformGizmo/BoundingBoxEdge.uexp" 1266
"../../../Engine/Content/VREditor/TransformGizmo/BoundingBoxCorner.ubulk" 1267
"../../../Engine/Content/VREditor/TransformGizmo/BoundingBoxCorner.uasset" 1268
"../../../Engine/Content/VREditor/TransformGizmo/BoundingBoxCorner.uexp" 1269
"../../../Engine/Content/EngineSky/VolumetricClouds/T_CloudMask.ubulk" 1270
"../../../Engine/Content/EngineSky/VolumetricClouds/T_CloudMask.uasset" 1271
"../../../Engine/Content/EngineSky/VolumetricClouds/T_CloudMask.uexp" 1272
"../../../Engine/Content/EngineSky/VolumetricClouds/VT_Lightning.uasset" 1273
"../../../Engine/Content/EngineSky/VolumetricClouds/VT_Lightning.uexp" 1274
"../../../Engine/Content/EngineSky/VolumetricClouds/T_Profile_08.ubulk" 1275
"../../../Engine/Content/EngineSky/VolumetricClouds/T_Profile_08.uasset" 1276
"../../../Engine/Content/EngineSky/VolumetricClouds/T_Profile_08.uexp" 1277
"../../../Engine/Content/Functions/Engine_MaterialFunctions02/Utility/MakeFloat4.uasset" 1278
"../../../Engine/Content/Functions/Engine_MaterialFunctions02/Utility/MakeFloat4.uexp" 1279
"../../../Engine/Content/Functions/Engine_MaterialFunctions01/Units/Km-to-Cm.uasset" 1280
"../../../Engine/Content/Functions/Engine_MaterialFunctions01/Units/Km-to-Cm.uexp" 1281
"../../../Engine/Content/Functions/Engine_MaterialFunctions02/Utility/BreakOutFloat4Components.uasset" 1282
"../../../Engine/Content/Functions/Engine_MaterialFunctions02/Utility/BreakOutFloat4Components.uexp" 1283
"../../../Engine/Content/EngineSky/VolumetricClouds/T_CloudPattern.ubulk" 1284
"../../../Engine/Content/EngineSky/VolumetricClouds/T_CloudPattern.uasset" 1285
"../../../Engine/Content/EngineSky/VolumetricClouds/T_CloudPattern.uexp" 1286
"../../../Engine/Content/EngineSky/VolumetricClouds/VT_PerlinWorley_Balanced.uasset" 1287
"../../../Engine/Content/EngineSky/VolumetricClouds/VT_PerlinWorley_Balanced.uexp" 1288
"../../../Engine/Content/EngineSky/VolumetricClouds/m_SimpleVolumetricCloud.uasset" 1289
"../../../Engine/Content/EngineSky/VolumetricClouds/m_SimpleVolumetricCloud.uexp" 1290
"../../../Engine/Content/EngineSky/VolumetricClouds/m_SimpleVolumetricCloud_Inst.uasset" 1291
"../../../Engine/Content/EngineSky/VolumetricClouds/m_SimpleVolumetricCloud_Inst.uexp" 1292
"../../../Engine/Content/EditorMaterials/Camera/CineMat.uasset" 1293
"../../../Engine/Content/EditorMaterials/Camera/CineMat.uexp" 1294
"../../../Engine/Content/EditorMaterials/Camera/MI_CineMat_Rig.uasset" 1295
"../../../Engine/Content/EditorMaterials/Camera/MI_CineMat_Rig.uexp" 1296
"../../../Engine/Content/EditorMeshes/Camera/SM_RailRig_Track.ubulk" 1297
"../../../Engine/Content/EditorMeshes/Camera/SM_RailRig_Track.uasset" 1298
"../../../Engine/Content/EditorMeshes/Camera/SM_RailRig_Track.uexp" 1299
"../../../Engine/Content/EditorMeshes/Camera/SM_RailRig_Mount.ubulk" 1300
"../../../Engine/Content/EditorMeshes/Camera/SM_RailRig_Mount.uasset" 1301
"../../../Engine/Content/EditorMeshes/Camera/SM_RailRig_Mount.uexp" 1302
"../../../Engine/Content/EditorMeshes/Camera/SM_CraneRig_Mount.ubulk" 1303
"../../../Engine/Content/EditorMeshes/Camera/SM_CraneRig_Mount.uasset" 1304
"../../../Engine/Content/EditorMeshes/Camera/SM_CraneRig_Mount.uexp" 1305
"../../../Engine/Content/EditorMeshes/Camera/SM_CraneRig_Body.ubulk" 1306
"../../../Engine/Content/EditorMeshes/Camera/SM_CraneRig_Body.uasset" 1307
"../../../Engine/Content/EditorMeshes/Camera/SM_CraneRig_Body.uexp" 1308
"../../../Engine/Content/EditorMeshes/Camera/SM_CraneRig_Base.ubulk" 1309
"../../../Engine/Content/EditorMeshes/Camera/SM_CraneRig_Base.uasset" 1310
"../../../Engine/Content/EditorMeshes/Camera/SM_CraneRig_Base.uexp" 1311
"../../../Engine/Content/EditorMeshes/Camera/SM_CraneRig_Arm.ubulk" 1312
"../../../Engine/Content/EditorMeshes/Camera/SM_CraneRig_Arm.uasset" 1313
"../../../Engine/Content/EditorMeshes/Camera/SM_CraneRig_Arm.uexp" 1314
"../../../Engine/Content/EngineMaterials/Substrate/GLints/AGlintTex2dArray.uasset" 1315
"../../../Engine/Content/EngineMaterials/Substrate/GLints/AGlintTex2dArray.uexp" 1316
"../../../Engine/Content/ArtTools/RenderToTexture/Meshes/S_1_Unit_Plane.ubulk" 1317
"../../../Engine/Content/ArtTools/RenderToTexture/Meshes/S_1_Unit_Plane.uasset" 1318
"../../../Engine/Content/ArtTools/RenderToTexture/Meshes/S_1_Unit_Plane.uexp" 1319
"../../../Engine/Content/EngineMaterials/Substrate/GLints2/AGlintTex2dArray2.uasset" 1320
"../../../Engine/Content/EngineMaterials/Substrate/GLints2/AGlintTex2dArray2.uexp" 1321
"../../../Engine/Plugins/NNE/NNEDenoiser/Content/NNE_oidn2-3-0_rt_hdr_calb_cnrm_large__dyn__fp16_opset11_ForwardAlpha.uasset" 1322
"../../../Engine/Plugins/NNE/NNEDenoiser/Content/NNE_oidn2-3-0_rt_hdr_calb_cnrm_large__dyn__fp16_opset11_ForwardAlpha.uexp" 1323
"../../../Engine/Plugins/NNE/NNEDenoiser/Content/NNE_oidn2-3-0_rt_hdr_calb_cnrm_large__dyn__fp16_opset11_DenoiseAlpha.uasset" 1324
"../../../Engine/Plugins/NNE/NNEDenoiser/Content/NNE_oidn2-3-0_rt_hdr_calb_cnrm_large__dyn__fp16_opset11_DenoiseAlpha.uexp" 1325
"../../../Engine/Plugins/NNE/NNEDenoiser/Content/NNE_oidn2-3-0_rt_hdr_alb_nrm__dyn__fp16_opset11_ForwardAlpha.uasset" 1326
"../../../Engine/Plugins/NNE/NNEDenoiser/Content/NNE_oidn2-3-0_rt_hdr_alb_nrm__dyn__fp16_opset11_ForwardAlpha.uexp" 1327
"../../../Engine/Plugins/NNE/NNEDenoiser/Content/NNE_oidn2-3-0_rt_hdr_alb_nrm__dyn__fp16_opset11_DenoiseAlpha.uasset" 1328
"../../../Engine/Plugins/NNE/NNEDenoiser/Content/NNE_oidn2-3-0_rt_hdr_alb_nrm__dyn__fp16_opset11_DenoiseAlpha.uexp" 1329
"../../../Engine/Plugins/NNE/NNEDenoiser/Content/NNE_oidn2-3-0_rt_hdr_alb_nrm_small__dyn__fp16_opset11_ForwardAlpha.uasset" 1330
"../../../Engine/Plugins/NNE/NNEDenoiser/Content/NNE_oidn2-3-0_rt_hdr_alb_nrm_small__dyn__fp16_opset11_ForwardAlpha.uexp" 1331
"../../../Engine/Plugins/NNE/NNEDenoiser/Content/NNE_oidn2-3-0_rt_hdr_alb_nrm_small__dyn__fp16_opset11_DenoiseAlpha.uasset" 1332
"../../../Engine/Plugins/NNE/NNEDenoiser/Content/NNE_oidn2-3-0_rt_hdr_alb_nrm_small__dyn__fp16_opset11_DenoiseAlpha.uexp" 1333
"../../../Engine/Plugins/NNE/NNEDenoiser/Content/NNED_Oidn2-3_HighQuality_Alpha.uasset" 1334
"../../../Engine/Plugins/NNE/NNEDenoiser/Content/NNED_Oidn2-3_HighQuality_Alpha.uexp" 1335
"../../../Engine/Plugins/NNE/NNEDenoiser/Content/NNED_Oidn2-3_HighQuality.uasset" 1336
"../../../Engine/Plugins/NNE/NNEDenoiser/Content/NNED_Oidn2-3_HighQuality.uexp" 1337
"../../../Engine/Plugins/NNE/NNEDenoiser/Content/NNED_Oidn2-3_Fast_Alpha.uasset" 1338
"../../../Engine/Plugins/NNE/NNEDenoiser/Content/NNED_Oidn2-3_Fast_Alpha.uexp" 1339
"../../../Engine/Plugins/NNE/NNEDenoiser/Content/NNED_Oidn2-3_Fast.uasset" 1340
"../../../Engine/Plugins/NNE/NNEDenoiser/Content/NNED_Oidn2-3_Fast.uexp" 1341
"../../../Engine/Plugins/NNE/NNEDenoiser/Content/NNED_Oidn2-3_Balanced_Alpha.uasset" 1342
"../../../Engine/Plugins/NNE/NNEDenoiser/Content/NNED_Oidn2-3_Balanced_Alpha.uexp" 1343
"../../../Engine/Plugins/NNE/NNEDenoiser/Content/NNED_Oidn2-3_Balanced.uasset" 1344
"../../../Engine/Plugins/NNE/NNEDenoiser/Content/NNED_Oidn2-3_Balanced.uexp" 1345
"../../../Engine/Plugins/NNE/NNEDenoiser/Content/NNEDT_Oidn2-3_Balanced_Alpha.uasset" 1346
"../../../Engine/Plugins/NNE/NNEDenoiser/Content/NNEDT_Oidn2-3_Balanced_Alpha.uexp" 1347
"../../../Engine/Plugins/NNE/NNEDenoiser/Content/NNEDT_Oidn2-3_Balanced.uasset" 1348
"../../../Engine/Plugins/NNE/NNEDenoiser/Content/NNEDT_Oidn2-3_Balanced.uexp" 1349
"../../../Engine/Plugins/Animation/DeformerGraph/Content/Deformers/DG_LinearBlendSkin_Morph_Cloth_RecomputeNormals.uasset" 1350
"../../../Engine/Plugins/Animation/DeformerGraph/Content/Deformers/DG_LinearBlendSkin_Morph_Cloth_RecomputeNormals.uexp" 1351
"../../../Engine/Plugins/Animation/DeformerGraph/Content/Deformers/DG_LinearBlendSkin_Morph_Cloth.uasset" 1352
"../../../Engine/Plugins/Animation/DeformerGraph/Content/Deformers/DG_LinearBlendSkin_Morph_Cloth.uexp" 1353
"../../../Engine/Plugins/Animation/DeformerGraph/Content/DeformerFunctions/DG_Function_LinearBlendSkin_Morph_Cloth_PositionOnly.uasset" 1354
"../../../Engine/Plugins/Animation/DeformerGraph/Content/DeformerFunctions/DG_Function_LinearBlendSkin_Morph_Cloth_PositionOnly.uexp" 1355
"../../../Engine/Plugins/Animation/DeformerGraph/Content/DeformerFunctions/DG_Function_LinearBlendSkin_Morph_Cloth.uasset" 1356
"../../../Engine/Plugins/Animation/DeformerGraph/Content/DeformerFunctions/DG_Function_LinearBlendSkin_Morph_Cloth.uexp" 1357
"../../../Engine/Plugins/Animation/DeformerGraph/Content/DeformerFunctions/DG_Function_ComputeNormalsTangents.uasset" 1358
"../../../Engine/Plugins/Animation/DeformerGraph/Content/DeformerFunctions/DG_Function_ComputeNormalsTangents.uexp" 1359
"../../../Engine/Content/VREditor/TransformGizmo/StartRotationHandleIndicator.ubulk" 1360
"../../../Engine/Content/VREditor/TransformGizmo/StartRotationHandleIndicator.uasset" 1361
"../../../Engine/Content/VREditor/TransformGizmo/StartRotationHandleIndicator.uexp" 1362
"../../../Engine/Content/VREditor/Sounds/UI/Drop_Item_From_ContentBrowser.ubulk" 1363
"../../../Engine/Content/VREditor/Sounds/UI/Drop_Item_From_ContentBrowser.uasset" 1364
"../../../Engine/Content/VREditor/Sounds/UI/Drop_Item_From_ContentBrowser.uexp" 1365
"../../../Engine/Content/VREditor/TransformGizmo/PlaneTranslationHandle.ubulk" 1366
"../../../Engine/Content/VREditor/TransformGizmo/PlaneTranslationHandle.uasset" 1367
"../../../Engine/Content/VREditor/TransformGizmo/PlaneTranslationHandle.uexp" 1368
"../../../Engine/Content/VREditor/Sounds/UI/Object_Snaps_To_Grid.ubulk" 1369
"../../../Engine/Content/VREditor/Sounds/UI/Object_Snaps_To_Grid.uasset" 1370
"../../../Engine/Content/VREditor/Sounds/UI/Object_Snaps_To_Grid.uexp" 1371
"../../../Engine/Content/VREditor/Sounds/UI/Selection_Changes.ubulk" 1372
"../../../Engine/Content/VREditor/Sounds/UI/Selection_Changes.uasset" 1373
"../../../Engine/Content/VREditor/Sounds/UI/Selection_Changes.uexp" 1374
"../../../Engine/Content/VREditor/Sounds/UI/Object_Snaps_To_Another_Actor.ubulk" 1375
"../../../Engine/Content/VREditor/Sounds/UI/Object_Snaps_To_Another_Actor.uasset" 1376
"../../../Engine/Content/VREditor/Sounds/UI/Object_Snaps_To_Another_Actor.uexp" 1377
"../../../Engine/Content/VREditor/TransformGizmo/TranslucentTransformGizmoMaterial_Inst.uasset" 1378
"../../../Engine/Content/VREditor/TransformGizmo/TranslucentTransformGizmoMaterial_Inst.uexp" 1379
"../../../Engine/Content/VREditor/TransformGizmo/TransformGizmoFreeRotation.ubulk" 1380
"../../../Engine/Content/VREditor/TransformGizmo/TransformGizmoFreeRotation.uasset" 1381
"../../../Engine/Content/VREditor/TransformGizmo/TransformGizmoFreeRotation.uexp" 1382
"../../../Engine/Content/VREditor/Sounds/UI/Scaling_Down.ubulk" 1383
"../../../Engine/Content/VREditor/Sounds/UI/Scaling_Down.uasset" 1384
"../../../Engine/Content/VREditor/Sounds/UI/Scaling_Down.uexp" 1385
"../../../Engine/Content/Functions/Engine_MaterialFunctions02/SplitComponents.uasset" 1386
"../../../Engine/Content/Functions/Engine_MaterialFunctions02/SplitComponents.uexp" 1387
"../../../Engine/Content/VREditor/SnapGrid/SnapGridMaterial.uasset" 1388
"../../../Engine/Content/VREditor/SnapGrid/SnapGridMaterial.uexp" 1389
"../../../Engine/Content/VREditor/SnapGrid/SnapGridPlaneMesh.ubulk" 1390
"../../../Engine/Content/VREditor/SnapGrid/SnapGridPlaneMesh.uasset" 1391
"../../../Engine/Content/VREditor/SnapGrid/SnapGridPlaneMesh.uexp" 1392
"../../../Engine/Content/VREditor/Sounds/UI/Scaling_Up.ubulk" 1393
"../../../Engine/Content/VREditor/Sounds/UI/Scaling_Up.uasset" 1394
"../../../Engine/Content/VREditor/Sounds/UI/Scaling_Up.uexp" 1395
"../../../Engine/Content/VREditor/TransformGizmo/TransformGizmoMaterial_Inst.uasset" 1396
"../../../Engine/Content/VREditor/TransformGizmo/TransformGizmoMaterial_Inst.uexp" 1397
"../../../Engine/Content/VREditor/Sounds/UI/Gizmo_Handle_Clicked.ubulk" 1398
"../../../Engine/Content/VREditor/Sounds/UI/Gizmo_Handle_Clicked.uasset" 1399
"../../../Engine/Content/VREditor/Sounds/UI/Gizmo_Handle_Clicked.uexp" 1400
"../../../Engine/Content/VREditor/TransformGizmo/RotationHandleQuarter.ubulk" 1401
"../../../Engine/Content/VREditor/TransformGizmo/RotationHandleQuarter.uasset" 1402
"../../../Engine/Content/VREditor/TransformGizmo/RotationHandleQuarter.uexp" 1403
"../../../Engine/Content/VREditor/TransformGizmo/TranslateArrowHandle.ubulk" 1404
"../../../Engine/Content/VREditor/TransformGizmo/TranslateArrowHandle.uasset" 1405
"../../../Engine/Content/VREditor/TransformGizmo/TranslateArrowHandle.uexp" 1406
"../../../Engine/Content/VREditor/TransformGizmo/RotationHandleIndicator.ubulk" 1407
"../../../Engine/Content/VREditor/TransformGizmo/RotationHandleIndicator.uasset" 1408
"../../../Engine/Content/VREditor/TransformGizmo/RotationHandleIndicator.uexp" 1409
"../../../Engine/Content/VREditor/TransformGizmo/UniformScaleHandle.ubulk" 1410
"../../../Engine/Content/VREditor/TransformGizmo/UniformScaleHandle.uasset" 1411
"../../../Engine/Content/VREditor/TransformGizmo/UniformScaleHandle.uexp" 1412
"../../../Engine/Content/VREditor/TransformGizmo/RotationHandleFull.ubulk" 1413
"../../../Engine/Content/VREditor/TransformGizmo/RotationHandleFull.uasset" 1414
"../../../Engine/Content/VREditor/TransformGizmo/RotationHandleFull.uexp" 1415
"../../../Engine/Content/VREditor/Sounds/UI/Object_PickUp.ubulk" 1416
"../../../Engine/Content/VREditor/Sounds/UI/Object_PickUp.uasset" 1417
"../../../Engine/Content/VREditor/Sounds/UI/Object_PickUp.uexp" 1418
"../../../Engine/Content/EngineResources/LandscapeVisibilityLayerInfo.uasset" 1419
"../../../Engine/Content/EngineResources/LandscapeVisibilityLayerInfo.uexp" 1420
"C:/Users/Anthony/Documents/GitHub/GrimoireRepo/WizardDOOMClone/Content/3DAssets/Wall_8x8/BaseWall8x8_Low_standardSurface2_BaseColor.ubulk" 1421
"C:/Users/Anthony/Documents/GitHub/GrimoireRepo/WizardDOOMClone/Content/3DAssets/Wall_8x8/BaseWall8x8_Low_standardSurface2_BaseColor.uasset" 1422
"C:/Users/Anthony/Documents/GitHub/GrimoireRepo/WizardDOOMClone/Content/3DAssets/Wall_8x8/BaseWall8x8_Low_standardSurface2_BaseColor.uexp" 1423
"C:/Users/Anthony/Documents/GitHub/GrimoireRepo/WizardDOOMClone/Content/3DAssets/Wall_8x8/BaseWall8x8_Low_standardSurface2_Normal.ubulk" 1424
"C:/Users/Anthony/Documents/GitHub/GrimoireRepo/WizardDOOMClone/Content/3DAssets/Wall_8x8/BaseWall8x8_Low_standardSurface2_Normal.uasset" 1425
"C:/Users/Anthony/Documents/GitHub/GrimoireRepo/WizardDOOMClone/Content/3DAssets/Wall_8x8/BaseWall8x8_Low_standardSurface2_Normal.uexp" 1426
"C:/Users/Anthony/Documents/GitHub/GrimoireRepo/WizardDOOMClone/Content/3DAssets/Wall_8x8/BaseWall8x8_Low_standardSurface2_OcclusionRoughnessMetallic.ubulk" 1427
"C:/Users/Anthony/Documents/GitHub/GrimoireRepo/WizardDOOMClone/Content/3DAssets/Wall_8x8/BaseWall8x8_Low_standardSurface2_OcclusionRoughnessMetallic.uasset" 1428
"C:/Users/Anthony/Documents/GitHub/GrimoireRepo/WizardDOOMClone/Content/3DAssets/Wall_8x8/BaseWall8x8_Low_standardSurface2_OcclusionRoughnessMetallic.uexp" 1429
"C:/Users/Anthony/Documents/GitHub/GrimoireRepo/WizardDOOMClone/Content/3DAssets/Wall_8x8/BaseWall8x8_Low_standardSurface2_Emissive.ubulk" 1430
"C:/Users/Anthony/Documents/GitHub/GrimoireRepo/WizardDOOMClone/Content/3DAssets/Wall_8x8/BaseWall8x8_Low_standardSurface2_Emissive.uasset" 1431
"C:/Users/Anthony/Documents/GitHub/GrimoireRepo/WizardDOOMClone/Content/3DAssets/Wall_8x8/BaseWall8x8_Low_standardSurface2_Emissive.uexp" 1432
"C:/Users/Anthony/Documents/GitHub/GrimoireRepo/WizardDOOMClone/Content/3DAssets/Wall_8x8/standardSurface2.uasset" 1433
"C:/Users/Anthony/Documents/GitHub/GrimoireRepo/WizardDOOMClone/Content/3DAssets/Wall_8x8/standardSurface2.uexp" 1434
"C:/Users/Anthony/Documents/GitHub/GrimoireRepo/WizardDOOMClone/Content/3DAssets/Wall_8x8/BaseWall8x8_Low.ubulk" 1435
"C:/Users/Anthony/Documents/GitHub/GrimoireRepo/WizardDOOMClone/Content/3DAssets/Wall_8x8/BaseWall8x8_Low.uasset" 1436
"C:/Users/Anthony/Documents/GitHub/GrimoireRepo/WizardDOOMClone/Content/3DAssets/Wall_8x8/BaseWall8x8_Low.uexp" 1437
"C:/Users/Anthony/Documents/GitHub/GrimoireRepo/WizardDOOMClone/Content/3DAssets/PillarLarge/LargePillar_standardSurface2_Emissive.ubulk" 1438
"C:/Users/Anthony/Documents/GitHub/GrimoireRepo/WizardDOOMClone/Content/3DAssets/PillarLarge/LargePillar_standardSurface2_Emissive.uasset" 1439
"C:/Users/Anthony/Documents/GitHub/GrimoireRepo/WizardDOOMClone/Content/3DAssets/PillarLarge/LargePillar_standardSurface2_Emissive.uexp" 1440
"C:/Users/Anthony/Documents/GitHub/GrimoireRepo/WizardDOOMClone/Content/3DAssets/PillarLarge/LargePillar_standardSurface2_Normal.ubulk" 1441
"C:/Users/Anthony/Documents/GitHub/GrimoireRepo/WizardDOOMClone/Content/3DAssets/PillarLarge/LargePillar_standardSurface2_Normal.uasset" 1442
"C:/Users/Anthony/Documents/GitHub/GrimoireRepo/WizardDOOMClone/Content/3DAssets/PillarLarge/LargePillar_standardSurface2_Normal.uexp" 1443
"C:/Users/Anthony/Documents/GitHub/GrimoireRepo/WizardDOOMClone/Content/3DAssets/PillarLarge/LargePillar_standardSurface2_BaseColor.ubulk" 1444
"C:/Users/Anthony/Documents/GitHub/GrimoireRepo/WizardDOOMClone/Content/3DAssets/PillarLarge/LargePillar_standardSurface2_BaseColor.uasset" 1445
"C:/Users/Anthony/Documents/GitHub/GrimoireRepo/WizardDOOMClone/Content/3DAssets/PillarLarge/LargePillar_standardSurface2_BaseColor.uexp" 1446
"C:/Users/Anthony/Documents/GitHub/GrimoireRepo/WizardDOOMClone/Content/3DAssets/PillarLarge/LargePillar_standardSurface2_OcclusionRoughnessMetallic.ubulk" 1447
"C:/Users/Anthony/Documents/GitHub/GrimoireRepo/WizardDOOMClone/Content/3DAssets/PillarLarge/LargePillar_standardSurface2_OcclusionRoughnessMetallic.uasset" 1448
"C:/Users/Anthony/Documents/GitHub/GrimoireRepo/WizardDOOMClone/Content/3DAssets/PillarLarge/LargePillar_standardSurface2_OcclusionRoughnessMetallic.uexp" 1449
"C:/Users/Anthony/Documents/GitHub/GrimoireRepo/WizardDOOMClone/Content/3DAssets/PillarLarge/standardSurface2.uasset" 1450
"C:/Users/Anthony/Documents/GitHub/GrimoireRepo/WizardDOOMClone/Content/3DAssets/PillarLarge/standardSurface2.uexp" 1451
"C:/Users/Anthony/Documents/GitHub/GrimoireRepo/WizardDOOMClone/Content/3DAssets/PillarLarge/LargePillar.ubulk" 1452
"C:/Users/Anthony/Documents/GitHub/GrimoireRepo/WizardDOOMClone/Content/3DAssets/PillarLarge/LargePillar.uasset" 1453
"C:/Users/Anthony/Documents/GitHub/GrimoireRepo/WizardDOOMClone/Content/3DAssets/PillarLarge/LargePillar.uexp" 1454
"C:/Users/Anthony/Documents/GitHub/GrimoireRepo/WizardDOOMClone/Content/MainLevel/Map/_GENERATED/raimu/Stairs_9DCE0986.ubulk" 1455
"C:/Users/Anthony/Documents/GitHub/GrimoireRepo/WizardDOOMClone/Content/MainLevel/Map/_GENERATED/raimu/Stairs_9DCE0986.uasset" 1456
"C:/Users/Anthony/Documents/GitHub/GrimoireRepo/WizardDOOMClone/Content/MainLevel/Map/_GENERATED/raimu/Stairs_9DCE0986.uexp" 1457
"C:/Users/Anthony/Documents/GitHub/GrimoireRepo/WizardDOOMClone/Content/MainLevel/StarterContent/Textures/T_Fire_SubUV.ubulk" 1458
"C:/Users/Anthony/Documents/GitHub/GrimoireRepo/WizardDOOMClone/Content/MainLevel/StarterContent/Textures/T_Fire_SubUV.uasset" 1459
"C:/Users/Anthony/Documents/GitHub/GrimoireRepo/WizardDOOMClone/Content/MainLevel/StarterContent/Textures/T_Fire_SubUV.uexp" 1460
"C:/Users/Anthony/Documents/GitHub/GrimoireRepo/WizardDOOMClone/Content/MainLevel/StarterContent/Textures/T_Fire_Tiled_D.ubulk" 1461
"C:/Users/Anthony/Documents/GitHub/GrimoireRepo/WizardDOOMClone/Content/MainLevel/StarterContent/Textures/T_Fire_Tiled_D.uasset" 1462
"C:/Users/Anthony/Documents/GitHub/GrimoireRepo/WizardDOOMClone/Content/MainLevel/StarterContent/Textures/T_Fire_Tiled_D.uexp" 1463
"C:/Users/Anthony/Documents/GitHub/GrimoireRepo/WizardDOOMClone/Content/MainLevel/StarterContent/Particles/Materials/M_Fire_SubUV.uasset" 1464
"C:/Users/Anthony/Documents/GitHub/GrimoireRepo/WizardDOOMClone/Content/MainLevel/StarterContent/Particles/Materials/M_Fire_SubUV.uexp" 1465
"C:/Users/Anthony/Documents/GitHub/GrimoireRepo/WizardDOOMClone/Content/MainLevel/StarterContent/Textures/T_Smoke_SubUV.ubulk" 1466
"C:/Users/Anthony/Documents/GitHub/GrimoireRepo/WizardDOOMClone/Content/MainLevel/StarterContent/Textures/T_Smoke_SubUV.uasset" 1467
"C:/Users/Anthony/Documents/GitHub/GrimoireRepo/WizardDOOMClone/Content/MainLevel/StarterContent/Textures/T_Smoke_SubUV.uexp" 1468
"C:/Users/Anthony/Documents/GitHub/GrimoireRepo/WizardDOOMClone/Content/MainLevel/StarterContent/Textures/T_Smoke_Tiled_D.ubulk" 1469
"C:/Users/Anthony/Documents/GitHub/GrimoireRepo/WizardDOOMClone/Content/MainLevel/StarterContent/Textures/T_Smoke_Tiled_D.uasset" 1470
"C:/Users/Anthony/Documents/GitHub/GrimoireRepo/WizardDOOMClone/Content/MainLevel/StarterContent/Textures/T_Smoke_Tiled_D.uexp" 1471
"C:/Users/Anthony/Documents/GitHub/GrimoireRepo/WizardDOOMClone/Content/MainLevel/StarterContent/Particles/Materials/M_smoke_subUV.uasset" 1472
"C:/Users/Anthony/Documents/GitHub/GrimoireRepo/WizardDOOMClone/Content/MainLevel/StarterContent/Particles/Materials/M_smoke_subUV.uexp" 1473
"C:/Users/Anthony/Documents/GitHub/GrimoireRepo/WizardDOOMClone/Content/MainLevel/StarterContent/Textures/T_Water_N.ubulk" 1474
"C:/Users/Anthony/Documents/GitHub/GrimoireRepo/WizardDOOMClone/Content/MainLevel/StarterContent/Textures/T_Water_N.uasset" 1475
"C:/Users/Anthony/Documents/GitHub/GrimoireRepo/WizardDOOMClone/Content/MainLevel/StarterContent/Textures/T_Water_N.uexp" 1476
"C:/Users/Anthony/Documents/GitHub/GrimoireRepo/WizardDOOMClone/Content/MainLevel/StarterContent/Particles/Materials/M_Heat_Distortion.uasset" 1477
"C:/Users/Anthony/Documents/GitHub/GrimoireRepo/WizardDOOMClone/Content/MainLevel/StarterContent/Particles/Materials/M_Heat_Distortion.uexp" 1478
"../../../Engine/Content/Functions/Engine_MaterialFunctions01/Gradient/RadialGradient.uasset" 1479
"../../../Engine/Content/Functions/Engine_MaterialFunctions01/Gradient/RadialGradient.uexp" 1480
"C:/Users/Anthony/Documents/GitHub/GrimoireRepo/WizardDOOMClone/Content/MainLevel/StarterContent/Particles/Materials/M_Radial_Gradient.uasset" 1481
"C:/Users/Anthony/Documents/GitHub/GrimoireRepo/WizardDOOMClone/Content/MainLevel/StarterContent/Particles/Materials/M_Radial_Gradient.uexp" 1482
"C:/Users/Anthony/Documents/GitHub/GrimoireRepo/WizardDOOMClone/Content/MainLevel/Niagara/P_Torch.uasset" 1483
"C:/Users/Anthony/Documents/GitHub/GrimoireRepo/WizardDOOMClone/Content/MainLevel/Niagara/P_Torch.uexp" 1484
"C:/Users/Anthony/Documents/GitHub/GrimoireRepo/WizardDOOMClone/Content/3DAssets/OutdoorWalls_Package_01/BaseOutdoorWall_01/BaseWall8x8_Low_standardSurface2_Normal.ubulk" 1485
"C:/Users/Anthony/Documents/GitHub/GrimoireRepo/WizardDOOMClone/Content/3DAssets/OutdoorWalls_Package_01/BaseOutdoorWall_01/BaseWall8x8_Low_standardSurface2_Normal.uasset" 1486
"C:/Users/Anthony/Documents/GitHub/GrimoireRepo/WizardDOOMClone/Content/3DAssets/OutdoorWalls_Package_01/BaseOutdoorWall_01/BaseWall8x8_Low_standardSurface2_Normal.uexp" 1487
"C:/Users/Anthony/Documents/GitHub/GrimoireRepo/WizardDOOMClone/Content/3DAssets/OutdoorWalls_Package_01/BaseOutdoorWall_01/BaseWall8x8_Low_standardSurface2_OcclusionRoughnessMetallic.ubulk" 1488
"C:/Users/Anthony/Documents/GitHub/GrimoireRepo/WizardDOOMClone/Content/3DAssets/OutdoorWalls_Package_01/BaseOutdoorWall_01/BaseWall8x8_Low_standardSurface2_OcclusionRoughnessMetallic.uasset" 1489
"C:/Users/Anthony/Documents/GitHub/GrimoireRepo/WizardDOOMClone/Content/3DAssets/OutdoorWalls_Package_01/BaseOutdoorWall_01/BaseWall8x8_Low_standardSurface2_OcclusionRoughnessMetallic.uexp" 1490
"C:/Users/Anthony/Documents/GitHub/GrimoireRepo/WizardDOOMClone/Content/3DAssets/OutdoorWalls_Package_01/BaseOutdoorWall_01/BaseWall8x8_Low_standardSurface2_Emissive.ubulk" 1491
"C:/Users/Anthony/Documents/GitHub/GrimoireRepo/WizardDOOMClone/Content/3DAssets/OutdoorWalls_Package_01/BaseOutdoorWall_01/BaseWall8x8_Low_standardSurface2_Emissive.uasset" 1492
"C:/Users/Anthony/Documents/GitHub/GrimoireRepo/WizardDOOMClone/Content/3DAssets/OutdoorWalls_Package_01/BaseOutdoorWall_01/BaseWall8x8_Low_standardSurface2_Emissive.uexp" 1493
"C:/Users/Anthony/Documents/GitHub/GrimoireRepo/WizardDOOMClone/Content/3DAssets/OutdoorWalls_Package_01/BaseOutdoorWall_01/BaseWall8x8_Low_standardSurface2_BaseColor.ubulk" 1494
"C:/Users/Anthony/Documents/GitHub/GrimoireRepo/WizardDOOMClone/Content/3DAssets/OutdoorWalls_Package_01/BaseOutdoorWall_01/BaseWall8x8_Low_standardSurface2_BaseColor.uasset" 1495
"C:/Users/Anthony/Documents/GitHub/GrimoireRepo/WizardDOOMClone/Content/3DAssets/OutdoorWalls_Package_01/BaseOutdoorWall_01/BaseWall8x8_Low_standardSurface2_BaseColor.uexp" 1496
"C:/Users/Anthony/Documents/GitHub/GrimoireRepo/WizardDOOMClone/Content/3DAssets/OutdoorWalls_Package_01/BaseOutdoorWall_01/standardSurface2.uasset" 1497
"C:/Users/Anthony/Documents/GitHub/GrimoireRepo/WizardDOOMClone/Content/3DAssets/OutdoorWalls_Package_01/BaseOutdoorWall_01/standardSurface2.uexp" 1498
"C:/Users/Anthony/Documents/GitHub/GrimoireRepo/WizardDOOMClone/Content/3DAssets/OutdoorWalls_Package_01/BaseOutdoorWall_01/BaseWallOutdoor_8x8_01_low.ubulk" 1499
"C:/Users/Anthony/Documents/GitHub/GrimoireRepo/WizardDOOMClone/Content/3DAssets/OutdoorWalls_Package_01/BaseOutdoorWall_01/BaseWallOutdoor_8x8_01_low.uasset" 1500
"C:/Users/Anthony/Documents/GitHub/GrimoireRepo/WizardDOOMClone/Content/3DAssets/OutdoorWalls_Package_01/BaseOutdoorWall_01/BaseWallOutdoor_8x8_01_low.uexp" 1501
"C:/Users/Anthony/Documents/GitHub/GrimoireRepo/WizardDOOMClone/Content/3DAssets/TopPassageWall/TopPassageWall_low_standardSurface2_Normal.ubulk" 1502
"C:/Users/Anthony/Documents/GitHub/GrimoireRepo/WizardDOOMClone/Content/3DAssets/TopPassageWall/TopPassageWall_low_standardSurface2_Normal.uasset" 1503
"C:/Users/Anthony/Documents/GitHub/GrimoireRepo/WizardDOOMClone/Content/3DAssets/TopPassageWall/TopPassageWall_low_standardSurface2_Normal.uexp" 1504
"C:/Users/Anthony/Documents/GitHub/GrimoireRepo/WizardDOOMClone/Content/3DAssets/TopPassageWall/TopPassageWall_low_standardSurface2_BaseColor.ubulk" 1505
"C:/Users/Anthony/Documents/GitHub/GrimoireRepo/WizardDOOMClone/Content/3DAssets/TopPassageWall/TopPassageWall_low_standardSurface2_BaseColor.uasset" 1506
"C:/Users/Anthony/Documents/GitHub/GrimoireRepo/WizardDOOMClone/Content/3DAssets/TopPassageWall/TopPassageWall_low_standardSurface2_BaseColor.uexp" 1507
"C:/Users/Anthony/Documents/GitHub/GrimoireRepo/WizardDOOMClone/Content/3DAssets/TopPassageWall/TopPassageWall_low_standardSurface2_Emissive.ubulk" 1508
"C:/Users/Anthony/Documents/GitHub/GrimoireRepo/WizardDOOMClone/Content/3DAssets/TopPassageWall/TopPassageWall_low_standardSurface2_Emissive.uasset" 1509
"C:/Users/Anthony/Documents/GitHub/GrimoireRepo/WizardDOOMClone/Content/3DAssets/TopPassageWall/TopPassageWall_low_standardSurface2_Emissive.uexp" 1510
"C:/Users/Anthony/Documents/GitHub/GrimoireRepo/WizardDOOMClone/Content/3DAssets/TopPassageWall/TopPassageWall_low_standardSurface2_OcclusionRoughnessMetallic.ubulk" 1511
"C:/Users/Anthony/Documents/GitHub/GrimoireRepo/WizardDOOMClone/Content/3DAssets/TopPassageWall/TopPassageWall_low_standardSurface2_OcclusionRoughnessMetallic.uasset" 1512
"C:/Users/Anthony/Documents/GitHub/GrimoireRepo/WizardDOOMClone/Content/3DAssets/TopPassageWall/TopPassageWall_low_standardSurface2_OcclusionRoughnessMetallic.uexp" 1513
"C:/Users/Anthony/Documents/GitHub/GrimoireRepo/WizardDOOMClone/Content/3DAssets/TopPassageWall/standardSurface2.uasset" 1514
"C:/Users/Anthony/Documents/GitHub/GrimoireRepo/WizardDOOMClone/Content/3DAssets/TopPassageWall/standardSurface2.uexp" 1515
"C:/Users/Anthony/Documents/GitHub/GrimoireRepo/WizardDOOMClone/Content/3DAssets/TopPassageWall/TopPassageWall_low.ubulk" 1516
"C:/Users/Anthony/Documents/GitHub/GrimoireRepo/WizardDOOMClone/Content/3DAssets/TopPassageWall/TopPassageWall_low.uasset" 1517
"C:/Users/Anthony/Documents/GitHub/GrimoireRepo/WizardDOOMClone/Content/3DAssets/TopPassageWall/TopPassageWall_low.uexp" 1518
"C:/Users/Anthony/Documents/GitHub/GrimoireRepo/WizardDOOMClone/Content/3DAssets/Wall4x8/BaseWall4x8_Low_standardSurface2_OcclusionRoughnessMetallic.ubulk" 1519
"C:/Users/Anthony/Documents/GitHub/GrimoireRepo/WizardDOOMClone/Content/3DAssets/Wall4x8/BaseWall4x8_Low_standardSurface2_OcclusionRoughnessMetallic.uasset" 1520
"C:/Users/Anthony/Documents/GitHub/GrimoireRepo/WizardDOOMClone/Content/3DAssets/Wall4x8/BaseWall4x8_Low_standardSurface2_OcclusionRoughnessMetallic.uexp" 1521
"C:/Users/Anthony/Documents/GitHub/GrimoireRepo/WizardDOOMClone/Content/3DAssets/Wall4x8/BaseWall4x8_Low_standardSurface2_BaseColor.ubulk" 1522
"C:/Users/Anthony/Documents/GitHub/GrimoireRepo/WizardDOOMClone/Content/3DAssets/Wall4x8/BaseWall4x8_Low_standardSurface2_BaseColor.uasset" 1523
"C:/Users/Anthony/Documents/GitHub/GrimoireRepo/WizardDOOMClone/Content/3DAssets/Wall4x8/BaseWall4x8_Low_standardSurface2_BaseColor.uexp" 1524
"C:/Users/Anthony/Documents/GitHub/GrimoireRepo/WizardDOOMClone/Content/3DAssets/Wall4x8/BaseWall4x8_Low_standardSurface2_Emissive.ubulk" 1525
"C:/Users/Anthony/Documents/GitHub/GrimoireRepo/WizardDOOMClone/Content/3DAssets/Wall4x8/BaseWall4x8_Low_standardSurface2_Emissive.uasset" 1526
"C:/Users/Anthony/Documents/GitHub/GrimoireRepo/WizardDOOMClone/Content/3DAssets/Wall4x8/BaseWall4x8_Low_standardSurface2_Emissive.uexp" 1527
"C:/Users/Anthony/Documents/GitHub/GrimoireRepo/WizardDOOMClone/Content/3DAssets/Wall4x8/BaseWall4x8_Low_standardSurface2_Normal.ubulk" 1528
"C:/Users/Anthony/Documents/GitHub/GrimoireRepo/WizardDOOMClone/Content/3DAssets/Wall4x8/BaseWall4x8_Low_standardSurface2_Normal.uasset" 1529
"C:/Users/Anthony/Documents/GitHub/GrimoireRepo/WizardDOOMClone/Content/3DAssets/Wall4x8/BaseWall4x8_Low_standardSurface2_Normal.uexp" 1530
"C:/Users/Anthony/Documents/GitHub/GrimoireRepo/WizardDOOMClone/Content/3DAssets/Wall4x8/standardSurface2.uasset" 1531
"C:/Users/Anthony/Documents/GitHub/GrimoireRepo/WizardDOOMClone/Content/3DAssets/Wall4x8/standardSurface2.uexp" 1532
"C:/Users/Anthony/Documents/GitHub/GrimoireRepo/WizardDOOMClone/Content/3DAssets/Wall4x8/BaseWall4x8_Low.ubulk" 1533
"C:/Users/Anthony/Documents/GitHub/GrimoireRepo/WizardDOOMClone/Content/3DAssets/Wall4x8/BaseWall4x8_Low.uasset" 1534
"C:/Users/Anthony/Documents/GitHub/GrimoireRepo/WizardDOOMClone/Content/3DAssets/Wall4x8/BaseWall4x8_Low.uexp" 1535
"../../../Engine/Content/EngineMaterials/BlendFunc_DefBlend.uasset" 1536
"../../../Engine/Content/EngineMaterials/BlendFunc_DefBlend.uexp" 1537
"../../../Engine/Content/OpenWorldTemplate/LandscapeMaterial/T_GridChecker_A.ubulk" 1538
"../../../Engine/Content/OpenWorldTemplate/LandscapeMaterial/T_GridChecker_A.uasset" 1539
"../../../Engine/Content/OpenWorldTemplate/LandscapeMaterial/T_GridChecker_A.uexp" 1540
"../../../Engine/Content/EngineMaterials/BlendFunc_DefBase.uasset" 1541
"../../../Engine/Content/EngineMaterials/BlendFunc_DefBase.uexp" 1542
"../../../Engine/Content/Functions/Engine_MaterialFunctions03/Blends/Blend_Overlay.uasset" 1543
"../../../Engine/Content/Functions/Engine_MaterialFunctions03/Blends/Blend_Overlay.uexp" 1544
"../../../Engine/Content/Functions/Engine_MaterialFunctions01/Gradient/LinearGradient.uasset" 1545
"../../../Engine/Content/Functions/Engine_MaterialFunctions01/Gradient/LinearGradient.uexp" 1546
"../../../Engine/Content/Functions/Engine_MaterialFunctions01/ImageAdjustment/CheapContrast.uasset" 1547
"../../../Engine/Content/Functions/Engine_MaterialFunctions01/ImageAdjustment/CheapContrast.uexp" 1548
"../../../Engine/Content/OpenWorldTemplate/LandscapeMaterial/MF_ProcGrid.uasset" 1549
"../../../Engine/Content/OpenWorldTemplate/LandscapeMaterial/MF_ProcGrid.uexp" 1550
"../../../Engine/Content/OpenWorldTemplate/LandscapeMaterial/M_ProcGrid.uasset" 1551
"../../../Engine/Content/OpenWorldTemplate/LandscapeMaterial/M_ProcGrid.uexp" 1552
"C:/Users/Anthony/Documents/GitHub/GrimoireRepo/WizardDOOMClone/Content/3DAssets/PillarFence/PillarFence_standardSurface2_Emissive.ubulk" 1553
"C:/Users/Anthony/Documents/GitHub/GrimoireRepo/WizardDOOMClone/Content/3DAssets/PillarFence/PillarFence_standardSurface2_Emissive.uasset" 1554
"C:/Users/Anthony/Documents/GitHub/GrimoireRepo/WizardDOOMClone/Content/3DAssets/PillarFence/PillarFence_standardSurface2_Emissive.uexp" 1555
"C:/Users/Anthony/Documents/GitHub/GrimoireRepo/WizardDOOMClone/Content/3DAssets/PillarFence/PillarFence_standardSurface2_BaseColor.ubulk" 1556
"C:/Users/Anthony/Documents/GitHub/GrimoireRepo/WizardDOOMClone/Content/3DAssets/PillarFence/PillarFence_standardSurface2_BaseColor.uasset" 1557
"C:/Users/Anthony/Documents/GitHub/GrimoireRepo/WizardDOOMClone/Content/3DAssets/PillarFence/PillarFence_standardSurface2_BaseColor.uexp" 1558
"C:/Users/Anthony/Documents/GitHub/GrimoireRepo/WizardDOOMClone/Content/3DAssets/PillarFence/PillarFence_standardSurface2_OcclusionRoughnessMetallic.ubulk" 1559
"C:/Users/Anthony/Documents/GitHub/GrimoireRepo/WizardDOOMClone/Content/3DAssets/PillarFence/PillarFence_standardSurface2_OcclusionRoughnessMetallic.uasset" 1560
"C:/Users/Anthony/Documents/GitHub/GrimoireRepo/WizardDOOMClone/Content/3DAssets/PillarFence/PillarFence_standardSurface2_OcclusionRoughnessMetallic.uexp" 1561
"C:/Users/Anthony/Documents/GitHub/GrimoireRepo/WizardDOOMClone/Content/3DAssets/PillarFence/PillarFence_standardSurface2_Normal.ubulk" 1562
"C:/Users/Anthony/Documents/GitHub/GrimoireRepo/WizardDOOMClone/Content/3DAssets/PillarFence/PillarFence_standardSurface2_Normal.uasset" 1563
"C:/Users/Anthony/Documents/GitHub/GrimoireRepo/WizardDOOMClone/Content/3DAssets/PillarFence/PillarFence_standardSurface2_Normal.uexp" 1564
"C:/Users/Anthony/Documents/GitHub/GrimoireRepo/WizardDOOMClone/Content/3DAssets/PillarFence/standardSurface2.uasset" 1565
"C:/Users/Anthony/Documents/GitHub/GrimoireRepo/WizardDOOMClone/Content/3DAssets/PillarFence/standardSurface2.uexp" 1566
"C:/Users/Anthony/Documents/GitHub/GrimoireRepo/WizardDOOMClone/Content/3DAssets/PillarFence/PillarFence.ubulk" 1567
"C:/Users/Anthony/Documents/GitHub/GrimoireRepo/WizardDOOMClone/Content/3DAssets/PillarFence/PillarFence.uasset" 1568
"C:/Users/Anthony/Documents/GitHub/GrimoireRepo/WizardDOOMClone/Content/3DAssets/PillarFence/PillarFence.uexp" 1569
"C:/Users/Anthony/Documents/GitHub/GrimoireRepo/WizardDOOMClone/Content/MainLevel/Map/_GENERATED/raimu/Stairs_B5365478.ubulk" 1570
"C:/Users/Anthony/Documents/GitHub/GrimoireRepo/WizardDOOMClone/Content/MainLevel/Map/_GENERATED/raimu/Stairs_B5365478.uasset" 1571
"C:/Users/Anthony/Documents/GitHub/GrimoireRepo/WizardDOOMClone/Content/MainLevel/Map/_GENERATED/raimu/Stairs_B5365478.uexp" 1572
"../../../Engine/Content/EngineSky/T_Sky_Stars.ubulk" 1573
"../../../Engine/Content/EngineSky/T_Sky_Stars.uasset" 1574
"../../../Engine/Content/EngineSky/T_Sky_Stars.uexp" 1575
"../../../Engine/Content/EngineSky/T_Sky_Clouds_M.ubulk" 1576
"../../../Engine/Content/EngineSky/T_Sky_Clouds_M.uasset" 1577
"../../../Engine/Content/EngineSky/T_Sky_Clouds_M.uexp" 1578
"../../../Engine/Content/EngineSky/T_Sky_Blue.ubulk" 1579
"../../../Engine/Content/EngineSky/T_Sky_Blue.uasset" 1580
"../../../Engine/Content/EngineSky/T_Sky_Blue.uexp" 1581
"../../../Engine/Content/EngineSky/M_Sky_Panning_Clouds2.uasset" 1582
"../../../Engine/Content/EngineSky/M_Sky_Panning_Clouds2.uexp" 1583
"../../../Engine/Content/EngineSky/SM_SkySphere.ubulk" 1584
"../../../Engine/Content/EngineSky/SM_SkySphere.uasset" 1585
"../../../Engine/Content/EngineSky/SM_SkySphere.uexp" 1586
"../../../Engine/Content/EngineSky/M_SimpleSkyDome.uasset" 1587
"../../../Engine/Content/EngineSky/M_SimpleSkyDome.uexp" 1588
"C:/Users/Anthony/Documents/GitHub/GrimoireRepo/WizardDOOMClone/Content/3DAssets/OutdoorWalls_Package_01/BaseOutdoorWall_02/BaseWallOutdoor_8x8_01_low_standardSurface2_BaseColor.ubulk" 1589
"C:/Users/Anthony/Documents/GitHub/GrimoireRepo/WizardDOOMClone/Content/3DAssets/OutdoorWalls_Package_01/BaseOutdoorWall_02/BaseWallOutdoor_8x8_01_low_standardSurface2_BaseColor.uasset" 1590
"C:/Users/Anthony/Documents/GitHub/GrimoireRepo/WizardDOOMClone/Content/3DAssets/OutdoorWalls_Package_01/BaseOutdoorWall_02/BaseWallOutdoor_8x8_01_low_standardSurface2_BaseColor.uexp" 1591
"C:/Users/Anthony/Documents/GitHub/GrimoireRepo/WizardDOOMClone/Content/3DAssets/OutdoorWalls_Package_01/BaseOutdoorWall_02/BaseWallOutdoor_8x8_01_low_standardSurface2_Normal.ubulk" 1592
"C:/Users/Anthony/Documents/GitHub/GrimoireRepo/WizardDOOMClone/Content/3DAssets/OutdoorWalls_Package_01/BaseOutdoorWall_02/BaseWallOutdoor_8x8_01_low_standardSurface2_Normal.uasset" 1593
"C:/Users/Anthony/Documents/GitHub/GrimoireRepo/WizardDOOMClone/Content/3DAssets/OutdoorWalls_Package_01/BaseOutdoorWall_02/BaseWallOutdoor_8x8_01_low_standardSurface2_Normal.uexp" 1594
"C:/Users/Anthony/Documents/GitHub/GrimoireRepo/WizardDOOMClone/Content/3DAssets/OutdoorWalls_Package_01/BaseOutdoorWall_02/BaseWallOutdoor_8x8_01_low_standardSurface2_OcclusionRoughnessMetallic.ubulk" 1595
"C:/Users/Anthony/Documents/GitHub/GrimoireRepo/WizardDOOMClone/Content/3DAssets/OutdoorWalls_Package_01/BaseOutdoorWall_02/BaseWallOutdoor_8x8_01_low_standardSurface2_OcclusionRoughnessMetallic.uasset" 1596
"C:/Users/Anthony/Documents/GitHub/GrimoireRepo/WizardDOOMClone/Content/3DAssets/OutdoorWalls_Package_01/BaseOutdoorWall_02/BaseWallOutdoor_8x8_01_low_standardSurface2_OcclusionRoughnessMetallic.uexp" 1597
"C:/Users/Anthony/Documents/GitHub/GrimoireRepo/WizardDOOMClone/Content/3DAssets/OutdoorWalls_Package_01/BaseOutdoorWall_02/BaseWallOutdoor_8x8_01_low_standardSurface2_Emissive.ubulk" 1598
"C:/Users/Anthony/Documents/GitHub/GrimoireRepo/WizardDOOMClone/Content/3DAssets/OutdoorWalls_Package_01/BaseOutdoorWall_02/BaseWallOutdoor_8x8_01_low_standardSurface2_Emissive.uasset" 1599
"C:/Users/Anthony/Documents/GitHub/GrimoireRepo/WizardDOOMClone/Content/3DAssets/OutdoorWalls_Package_01/BaseOutdoorWall_02/BaseWallOutdoor_8x8_01_low_standardSurface2_Emissive.uexp" 1600
"C:/Users/Anthony/Documents/GitHub/GrimoireRepo/WizardDOOMClone/Content/3DAssets/OutdoorWalls_Package_01/BaseOutdoorWall_02/standardSurface2.uasset" 1601
"C:/Users/Anthony/Documents/GitHub/GrimoireRepo/WizardDOOMClone/Content/3DAssets/OutdoorWalls_Package_01/BaseOutdoorWall_02/standardSurface2.uexp" 1602
"C:/Users/Anthony/Documents/GitHub/GrimoireRepo/WizardDOOMClone/Content/3DAssets/OutdoorWalls_Package_01/BaseOutdoorWall_02/BaseWallOutdoor_8x8_01_low.ubulk" 1603
"C:/Users/Anthony/Documents/GitHub/GrimoireRepo/WizardDOOMClone/Content/3DAssets/OutdoorWalls_Package_01/BaseOutdoorWall_02/BaseWallOutdoor_8x8_01_low.uasset" 1604
"C:/Users/Anthony/Documents/GitHub/GrimoireRepo/WizardDOOMClone/Content/3DAssets/OutdoorWalls_Package_01/BaseOutdoorWall_02/BaseWallOutdoor_8x8_01_low.uexp" 1605
"C:/Users/Anthony/Documents/GitHub/GrimoireRepo/WizardDOOMClone/Content/MainLevel/Map/_GENERATED/raimu/CubeGridToolOutput_1F3C7945.ubulk" 1606
"C:/Users/Anthony/Documents/GitHub/GrimoireRepo/WizardDOOMClone/Content/MainLevel/Map/_GENERATED/raimu/CubeGridToolOutput_1F3C7945.uasset" 1607
"C:/Users/Anthony/Documents/GitHub/GrimoireRepo/WizardDOOMClone/Content/MainLevel/Map/_GENERATED/raimu/CubeGridToolOutput_1F3C7945.uexp" 1608
"C:/Users/Anthony/Documents/GitHub/GrimoireRepo/WizardDOOMClone/Content/MainLevel/Map/_GENERATED/raimu/Stairs_C66E6A76.ubulk" 1609
"C:/Users/Anthony/Documents/GitHub/GrimoireRepo/WizardDOOMClone/Content/MainLevel/Map/_GENERATED/raimu/Stairs_C66E6A76.uasset" 1610
"C:/Users/Anthony/Documents/GitHub/GrimoireRepo/WizardDOOMClone/Content/MainLevel/Map/_GENERATED/raimu/Stairs_C66E6A76.uexp" 1611
"C:/Users/Anthony/Documents/GitHub/GrimoireRepo/WizardDOOMClone/Content/3DAssets/TorchAndHolder/TorchAndHolder2_lambert4_Normal.ubulk" 1612
"C:/Users/Anthony/Documents/GitHub/GrimoireRepo/WizardDOOMClone/Content/3DAssets/TorchAndHolder/TorchAndHolder2_lambert4_Normal.uasset" 1613
"C:/Users/Anthony/Documents/GitHub/GrimoireRepo/WizardDOOMClone/Content/3DAssets/TorchAndHolder/TorchAndHolder2_lambert4_Normal.uexp" 1614
"C:/Users/Anthony/Documents/GitHub/GrimoireRepo/WizardDOOMClone/Content/3DAssets/TorchAndHolder/TorchAndHolder2_lambert4_OcclusionRoughnessMetallic.ubulk" 1615
"C:/Users/Anthony/Documents/GitHub/GrimoireRepo/WizardDOOMClone/Content/3DAssets/TorchAndHolder/TorchAndHolder2_lambert4_OcclusionRoughnessMetallic.uasset" 1616
"C:/Users/Anthony/Documents/GitHub/GrimoireRepo/WizardDOOMClone/Content/3DAssets/TorchAndHolder/TorchAndHolder2_lambert4_OcclusionRoughnessMetallic.uexp" 1617
"C:/Users/Anthony/Documents/GitHub/GrimoireRepo/WizardDOOMClone/Content/3DAssets/TorchAndHolder/TorchAndHolder2_lambert4_Emissive.ubulk" 1618
"C:/Users/Anthony/Documents/GitHub/GrimoireRepo/WizardDOOMClone/Content/3DAssets/TorchAndHolder/TorchAndHolder2_lambert4_Emissive.uasset" 1619
"C:/Users/Anthony/Documents/GitHub/GrimoireRepo/WizardDOOMClone/Content/3DAssets/TorchAndHolder/TorchAndHolder2_lambert4_Emissive.uexp" 1620
"C:/Users/Anthony/Documents/GitHub/GrimoireRepo/WizardDOOMClone/Content/3DAssets/TorchAndHolder/TorchAndHolder2_lambert4_BaseColor.ubulk" 1621
"C:/Users/Anthony/Documents/GitHub/GrimoireRepo/WizardDOOMClone/Content/3DAssets/TorchAndHolder/TorchAndHolder2_lambert4_BaseColor.uasset" 1622
"C:/Users/Anthony/Documents/GitHub/GrimoireRepo/WizardDOOMClone/Content/3DAssets/TorchAndHolder/TorchAndHolder2_lambert4_BaseColor.uexp" 1623
"C:/Users/Anthony/Documents/GitHub/GrimoireRepo/WizardDOOMClone/Content/3DAssets/TorchAndHolder/lambert4.uasset" 1624
"C:/Users/Anthony/Documents/GitHub/GrimoireRepo/WizardDOOMClone/Content/3DAssets/TorchAndHolder/lambert4.uexp" 1625
"C:/Users/Anthony/Documents/GitHub/GrimoireRepo/WizardDOOMClone/Content/3DAssets/TorchAndHolder/TorchAndHolder2_lambert1_Normal.ubulk" 1626
"C:/Users/Anthony/Documents/GitHub/GrimoireRepo/WizardDOOMClone/Content/3DAssets/TorchAndHolder/TorchAndHolder2_lambert1_Normal.uasset" 1627
"C:/Users/Anthony/Documents/GitHub/GrimoireRepo/WizardDOOMClone/Content/3DAssets/TorchAndHolder/TorchAndHolder2_lambert1_Normal.uexp" 1628
"C:/Users/Anthony/Documents/GitHub/GrimoireRepo/WizardDOOMClone/Content/3DAssets/TorchAndHolder/TorchAndHolder2_lambert1_Emissive.ubulk" 1629
"C:/Users/Anthony/Documents/GitHub/GrimoireRepo/WizardDOOMClone/Content/3DAssets/TorchAndHolder/TorchAndHolder2_lambert1_Emissive.uasset" 1630
"C:/Users/Anthony/Documents/GitHub/GrimoireRepo/WizardDOOMClone/Content/3DAssets/TorchAndHolder/TorchAndHolder2_lambert1_Emissive.uexp" 1631
"C:/Users/Anthony/Documents/GitHub/GrimoireRepo/WizardDOOMClone/Content/3DAssets/TorchAndHolder/TorchAndHolder2_lambert1_BaseColor.ubulk" 1632
"C:/Users/Anthony/Documents/GitHub/GrimoireRepo/WizardDOOMClone/Content/3DAssets/TorchAndHolder/TorchAndHolder2_lambert1_BaseColor.uasset" 1633
"C:/Users/Anthony/Documents/GitHub/GrimoireRepo/WizardDOOMClone/Content/3DAssets/TorchAndHolder/TorchAndHolder2_lambert1_BaseColor.uexp" 1634
"C:/Users/Anthony/Documents/GitHub/GrimoireRepo/WizardDOOMClone/Content/3DAssets/TorchAndHolder/TorchAndHolder2_lambert1_OcclusionRoughnessMetallic.ubulk" 1635
"C:/Users/Anthony/Documents/GitHub/GrimoireRepo/WizardDOOMClone/Content/3DAssets/TorchAndHolder/TorchAndHolder2_lambert1_OcclusionRoughnessMetallic.uasset" 1636
"C:/Users/Anthony/Documents/GitHub/GrimoireRepo/WizardDOOMClone/Content/3DAssets/TorchAndHolder/TorchAndHolder2_lambert1_OcclusionRoughnessMetallic.uexp" 1637
"C:/Users/Anthony/Documents/GitHub/GrimoireRepo/WizardDOOMClone/Content/3DAssets/TorchAndHolder/lambert1.uasset" 1638
"C:/Users/Anthony/Documents/GitHub/GrimoireRepo/WizardDOOMClone/Content/3DAssets/TorchAndHolder/lambert1.uexp" 1639
"C:/Users/Anthony/Documents/GitHub/GrimoireRepo/WizardDOOMClone/Content/3DAssets/TorchAndHolder/TorchAndHolder2_standardSurface1_Normal.ubulk" 1640
"C:/Users/Anthony/Documents/GitHub/GrimoireRepo/WizardDOOMClone/Content/3DAssets/TorchAndHolder/TorchAndHolder2_standardSurface1_Normal.uasset" 1641
"C:/Users/Anthony/Documents/GitHub/GrimoireRepo/WizardDOOMClone/Content/3DAssets/TorchAndHolder/TorchAndHolder2_standardSurface1_Normal.uexp" 1642
"C:/Users/Anthony/Documents/GitHub/GrimoireRepo/WizardDOOMClone/Content/3DAssets/TorchAndHolder/TorchAndHolder2_standardSurface1_Emissive.ubulk" 1643
"C:/Users/Anthony/Documents/GitHub/GrimoireRepo/WizardDOOMClone/Content/3DAssets/TorchAndHolder/TorchAndHolder2_standardSurface1_Emissive.uasset" 1644
"C:/Users/Anthony/Documents/GitHub/GrimoireRepo/WizardDOOMClone/Content/3DAssets/TorchAndHolder/TorchAndHolder2_standardSurface1_Emissive.uexp" 1645
"C:/Users/Anthony/Documents/GitHub/GrimoireRepo/WizardDOOMClone/Content/3DAssets/TorchAndHolder/TorchAndHolder2_standardSurface1_BaseColor.ubulk" 1646
"C:/Users/Anthony/Documents/GitHub/GrimoireRepo/WizardDOOMClone/Content/3DAssets/TorchAndHolder/TorchAndHolder2_standardSurface1_BaseColor.uasset" 1647
"C:/Users/Anthony/Documents/GitHub/GrimoireRepo/WizardDOOMClone/Content/3DAssets/TorchAndHolder/TorchAndHolder2_standardSurface1_BaseColor.uexp" 1648
"C:/Users/Anthony/Documents/GitHub/GrimoireRepo/WizardDOOMClone/Content/3DAssets/TorchAndHolder/TorchAndHolder2_standardSurface1_OcclusionRoughnessMetallic.ubulk" 1649
"C:/Users/Anthony/Documents/GitHub/GrimoireRepo/WizardDOOMClone/Content/3DAssets/TorchAndHolder/TorchAndHolder2_standardSurface1_OcclusionRoughnessMetallic.uasset" 1650
"C:/Users/Anthony/Documents/GitHub/GrimoireRepo/WizardDOOMClone/Content/3DAssets/TorchAndHolder/TorchAndHolder2_standardSurface1_OcclusionRoughnessMetallic.uexp" 1651
"C:/Users/Anthony/Documents/GitHub/GrimoireRepo/WizardDOOMClone/Content/3DAssets/TorchAndHolder/standardSurface1.uasset" 1652
"C:/Users/Anthony/Documents/GitHub/GrimoireRepo/WizardDOOMClone/Content/3DAssets/TorchAndHolder/standardSurface1.uexp" 1653
"C:/Users/Anthony/Documents/GitHub/GrimoireRepo/WizardDOOMClone/Content/3DAssets/TorchAndHolder/TorchAndHolder2.ubulk" 1654
"C:/Users/Anthony/Documents/GitHub/GrimoireRepo/WizardDOOMClone/Content/3DAssets/TorchAndHolder/TorchAndHolder2.uasset" 1655
"C:/Users/Anthony/Documents/GitHub/GrimoireRepo/WizardDOOMClone/Content/3DAssets/TorchAndHolder/TorchAndHolder2.uexp" 1656
"C:/Users/Anthony/Documents/GitHub/GrimoireRepo/WizardDOOMClone/Content/3DAssets/DecorWall_4x8/DecorWall4x8_standardSurface2_Emissive.ubulk" 1657
"C:/Users/Anthony/Documents/GitHub/GrimoireRepo/WizardDOOMClone/Content/3DAssets/DecorWall_4x8/DecorWall4x8_standardSurface2_Emissive.uasset" 1658
"C:/Users/Anthony/Documents/GitHub/GrimoireRepo/WizardDOOMClone/Content/3DAssets/DecorWall_4x8/DecorWall4x8_standardSurface2_Emissive.uexp" 1659
"C:/Users/Anthony/Documents/GitHub/GrimoireRepo/WizardDOOMClone/Content/3DAssets/DecorWall_4x8/DecorWall4x8_standardSurface2_BaseColor.ubulk" 1660
"C:/Users/Anthony/Documents/GitHub/GrimoireRepo/WizardDOOMClone/Content/3DAssets/DecorWall_4x8/DecorWall4x8_standardSurface2_BaseColor.uasset" 1661
"C:/Users/Anthony/Documents/GitHub/GrimoireRepo/WizardDOOMClone/Content/3DAssets/DecorWall_4x8/DecorWall4x8_standardSurface2_BaseColor.uexp" 1662
"C:/Users/Anthony/Documents/GitHub/GrimoireRepo/WizardDOOMClone/Content/3DAssets/DecorWall_4x8/DecorWall4x8_standardSurface2_OcclusionRoughnessMetallic.ubulk" 1663
"C:/Users/Anthony/Documents/GitHub/GrimoireRepo/WizardDOOMClone/Content/3DAssets/DecorWall_4x8/DecorWall4x8_standardSurface2_OcclusionRoughnessMetallic.uasset" 1664
"C:/Users/Anthony/Documents/GitHub/GrimoireRepo/WizardDOOMClone/Content/3DAssets/DecorWall_4x8/DecorWall4x8_standardSurface2_OcclusionRoughnessMetallic.uexp" 1665
"C:/Users/Anthony/Documents/GitHub/GrimoireRepo/WizardDOOMClone/Content/3DAssets/DecorWall_4x8/DecorWall4x8_standardSurface2_Normal.ubulk" 1666
"C:/Users/Anthony/Documents/GitHub/GrimoireRepo/WizardDOOMClone/Content/3DAssets/DecorWall_4x8/DecorWall4x8_standardSurface2_Normal.uasset" 1667
"C:/Users/Anthony/Documents/GitHub/GrimoireRepo/WizardDOOMClone/Content/3DAssets/DecorWall_4x8/DecorWall4x8_standardSurface2_Normal.uexp" 1668
"C:/Users/Anthony/Documents/GitHub/GrimoireRepo/WizardDOOMClone/Content/3DAssets/DecorWall_4x8/standardSurface2.uasset" 1669
"C:/Users/Anthony/Documents/GitHub/GrimoireRepo/WizardDOOMClone/Content/3DAssets/DecorWall_4x8/standardSurface2.uexp" 1670
"C:/Users/Anthony/Documents/GitHub/GrimoireRepo/WizardDOOMClone/Content/3DAssets/DecorWall_4x8/DecorWall4x8.ubulk" 1671
"C:/Users/Anthony/Documents/GitHub/GrimoireRepo/WizardDOOMClone/Content/3DAssets/DecorWall_4x8/DecorWall4x8.uasset" 1672
"C:/Users/Anthony/Documents/GitHub/GrimoireRepo/WizardDOOMClone/Content/3DAssets/DecorWall_4x8/DecorWall4x8.uexp" 1673
"C:/Users/Anthony/Documents/GitHub/GrimoireRepo/WizardDOOMClone/Content/MainLevel/Map/_GENERATED/raimu/PlaneCutOtherPart_05B02ACC.ubulk" 1674
"C:/Users/Anthony/Documents/GitHub/GrimoireRepo/WizardDOOMClone/Content/MainLevel/Map/_GENERATED/raimu/PlaneCutOtherPart_05B02ACC.uasset" 1675
"C:/Users/Anthony/Documents/GitHub/GrimoireRepo/WizardDOOMClone/Content/MainLevel/Map/_GENERATED/raimu/PlaneCutOtherPart_05B02ACC.uexp" 1676
"../../../Engine/Content/EngineMaterials/DefaultPhysicalMaterial.uasset" 1677
"../../../Engine/Content/EngineMaterials/DefaultPhysicalMaterial.uexp" 1678
"C:/Users/Anthony/Documents/GitHub/GrimoireRepo/WizardDOOMClone/Content/3DAssets/OutdoorWalls_Package_01/OutdoorWallBroken_02/WallBroken8x8_02_low_standardSurface2_OcclusionRoughnessMetallic.ubulk" 1679
"C:/Users/Anthony/Documents/GitHub/GrimoireRepo/WizardDOOMClone/Content/3DAssets/OutdoorWalls_Package_01/OutdoorWallBroken_02/WallBroken8x8_02_low_standardSurface2_OcclusionRoughnessMetallic.uasset" 1680
"C:/Users/Anthony/Documents/GitHub/GrimoireRepo/WizardDOOMClone/Content/3DAssets/OutdoorWalls_Package_01/OutdoorWallBroken_02/WallBroken8x8_02_low_standardSurface2_OcclusionRoughnessMetallic.uexp" 1681
"C:/Users/Anthony/Documents/GitHub/GrimoireRepo/WizardDOOMClone/Content/3DAssets/OutdoorWalls_Package_01/OutdoorWallBroken_02/WallBroken8x8_02_low_standardSurface2_Normal.ubulk" 1682
"C:/Users/Anthony/Documents/GitHub/GrimoireRepo/WizardDOOMClone/Content/3DAssets/OutdoorWalls_Package_01/OutdoorWallBroken_02/WallBroken8x8_02_low_standardSurface2_Normal.uasset" 1683
"C:/Users/Anthony/Documents/GitHub/GrimoireRepo/WizardDOOMClone/Content/3DAssets/OutdoorWalls_Package_01/OutdoorWallBroken_02/WallBroken8x8_02_low_standardSurface2_Normal.uexp" 1684
"C:/Users/Anthony/Documents/GitHub/GrimoireRepo/WizardDOOMClone/Content/3DAssets/OutdoorWalls_Package_01/OutdoorWallBroken_02/WallBroken8x8_02_low_standardSurface2_Emissive.ubulk" 1685
"C:/Users/Anthony/Documents/GitHub/GrimoireRepo/WizardDOOMClone/Content/3DAssets/OutdoorWalls_Package_01/OutdoorWallBroken_02/WallBroken8x8_02_low_standardSurface2_Emissive.uasset" 1686
"C:/Users/Anthony/Documents/GitHub/GrimoireRepo/WizardDOOMClone/Content/3DAssets/OutdoorWalls_Package_01/OutdoorWallBroken_02/WallBroken8x8_02_low_standardSurface2_Emissive.uexp" 1687
"C:/Users/Anthony/Documents/GitHub/GrimoireRepo/WizardDOOMClone/Content/3DAssets/OutdoorWalls_Package_01/OutdoorWallBroken_02/WallBroken8x8_02_low_standardSurface2_BaseColor.ubulk" 1688
"C:/Users/Anthony/Documents/GitHub/GrimoireRepo/WizardDOOMClone/Content/3DAssets/OutdoorWalls_Package_01/OutdoorWallBroken_02/WallBroken8x8_02_low_standardSurface2_BaseColor.uasset" 1689
"C:/Users/Anthony/Documents/GitHub/GrimoireRepo/WizardDOOMClone/Content/3DAssets/OutdoorWalls_Package_01/OutdoorWallBroken_02/WallBroken8x8_02_low_standardSurface2_BaseColor.uexp" 1690
"C:/Users/Anthony/Documents/GitHub/GrimoireRepo/WizardDOOMClone/Content/3DAssets/OutdoorWalls_Package_01/OutdoorWallBroken_02/standardSurface2.uasset" 1691
"C:/Users/Anthony/Documents/GitHub/GrimoireRepo/WizardDOOMClone/Content/3DAssets/OutdoorWalls_Package_01/OutdoorWallBroken_02/standardSurface2.uexp" 1692
"C:/Users/Anthony/Documents/GitHub/GrimoireRepo/WizardDOOMClone/Content/3DAssets/OutdoorWalls_Package_01/OutdoorWallBroken_02/WallBroken8x8_02_low.ubulk" 1693
"C:/Users/Anthony/Documents/GitHub/GrimoireRepo/WizardDOOMClone/Content/3DAssets/OutdoorWalls_Package_01/OutdoorWallBroken_02/WallBroken8x8_02_low.uasset" 1694
"C:/Users/Anthony/Documents/GitHub/GrimoireRepo/WizardDOOMClone/Content/3DAssets/OutdoorWalls_Package_01/OutdoorWallBroken_02/WallBroken8x8_02_low.uexp" 1695
"C:/Users/Anthony/Documents/GitHub/GrimoireRepo/WizardDOOMClone/Content/MainLevel/Map/_GENERATED/raimu/CubeGridToolOutput_4D6D07F9.ubulk" 1696
"C:/Users/Anthony/Documents/GitHub/GrimoireRepo/WizardDOOMClone/Content/MainLevel/Map/_GENERATED/raimu/CubeGridToolOutput_4D6D07F9.uasset" 1697
"C:/Users/Anthony/Documents/GitHub/GrimoireRepo/WizardDOOMClone/Content/MainLevel/Map/_GENERATED/raimu/CubeGridToolOutput_4D6D07F9.uexp" 1698
"C:/Users/Anthony/Documents/GitHub/GrimoireRepo/WizardDOOMClone/Content/MainLevel/Map/_GENERATED/raimu/Box_5E8C96E0.ubulk" 1699
"C:/Users/Anthony/Documents/GitHub/GrimoireRepo/WizardDOOMClone/Content/MainLevel/Map/_GENERATED/raimu/Box_5E8C96E0.uasset" 1700
"C:/Users/Anthony/Documents/GitHub/GrimoireRepo/WizardDOOMClone/Content/MainLevel/Map/_GENERATED/raimu/Box_5E8C96E0.uexp" 1701
"C:/Users/Anthony/Documents/GitHub/GrimoireRepo/WizardDOOMClone/Content/3DAssets/TowerPackage_01/TowerBaseWall_8x8/TowerBaseWall8x8_low_standardSurface2_Emissive.ubulk" 1702
"C:/Users/Anthony/Documents/GitHub/GrimoireRepo/WizardDOOMClone/Content/3DAssets/TowerPackage_01/TowerBaseWall_8x8/TowerBaseWall8x8_low_standardSurface2_Emissive.uasset" 1703
"C:/Users/Anthony/Documents/GitHub/GrimoireRepo/WizardDOOMClone/Content/3DAssets/TowerPackage_01/TowerBaseWall_8x8/TowerBaseWall8x8_low_standardSurface2_Emissive.uexp" 1704
"C:/Users/Anthony/Documents/GitHub/GrimoireRepo/WizardDOOMClone/Content/3DAssets/TowerPackage_01/TowerBaseWall_8x8/TowerBaseWall8x8_low_standardSurface2_Normal.ubulk" 1705
"C:/Users/Anthony/Documents/GitHub/GrimoireRepo/WizardDOOMClone/Content/3DAssets/TowerPackage_01/TowerBaseWall_8x8/TowerBaseWall8x8_low_standardSurface2_Normal.uasset" 1706
"C:/Users/Anthony/Documents/GitHub/GrimoireRepo/WizardDOOMClone/Content/3DAssets/TowerPackage_01/TowerBaseWall_8x8/TowerBaseWall8x8_low_standardSurface2_Normal.uexp" 1707
"C:/Users/Anthony/Documents/GitHub/GrimoireRepo/WizardDOOMClone/Content/3DAssets/TowerPackage_01/TowerBaseWall_8x8/TowerBaseWall8x8_low_standardSurface2_OcclusionRoughnessMetallic.ubulk" 1708
"C:/Users/Anthony/Documents/GitHub/GrimoireRepo/WizardDOOMClone/Content/3DAssets/TowerPackage_01/TowerBaseWall_8x8/TowerBaseWall8x8_low_standardSurface2_OcclusionRoughnessMetallic.uasset" 1709
"C:/Users/Anthony/Documents/GitHub/GrimoireRepo/WizardDOOMClone/Content/3DAssets/TowerPackage_01/TowerBaseWall_8x8/TowerBaseWall8x8_low_standardSurface2_OcclusionRoughnessMetallic.uexp" 1710
"C:/Users/Anthony/Documents/GitHub/GrimoireRepo/WizardDOOMClone/Content/3DAssets/TowerPackage_01/TowerBaseWall_8x8/TowerBaseWall8x8_low_standardSurface2_BaseColor.ubulk" 1711
"C:/Users/Anthony/Documents/GitHub/GrimoireRepo/WizardDOOMClone/Content/3DAssets/TowerPackage_01/TowerBaseWall_8x8/TowerBaseWall8x8_low_standardSurface2_BaseColor.uasset" 1712
"C:/Users/Anthony/Documents/GitHub/GrimoireRepo/WizardDOOMClone/Content/3DAssets/TowerPackage_01/TowerBaseWall_8x8/TowerBaseWall8x8_low_standardSurface2_BaseColor.uexp" 1713
"C:/Users/Anthony/Documents/GitHub/GrimoireRepo/WizardDOOMClone/Content/3DAssets/TowerPackage_01/TowerBaseWall_8x8/standardSurface2.uasset" 1714
"C:/Users/Anthony/Documents/GitHub/GrimoireRepo/WizardDOOMClone/Content/3DAssets/TowerPackage_01/TowerBaseWall_8x8/standardSurface2.uexp" 1715
"C:/Users/Anthony/Documents/GitHub/GrimoireRepo/WizardDOOMClone/Content/3DAssets/TowerPackage_01/TowerBaseWall_8x8/TowerBaseWall8x8_low.ubulk" 1716
"C:/Users/Anthony/Documents/GitHub/GrimoireRepo/WizardDOOMClone/Content/3DAssets/TowerPackage_01/TowerBaseWall_8x8/TowerBaseWall8x8_low.uasset" 1717
"C:/Users/Anthony/Documents/GitHub/GrimoireRepo/WizardDOOMClone/Content/3DAssets/TowerPackage_01/TowerBaseWall_8x8/TowerBaseWall8x8_low.uexp" 1718
"C:/Users/Anthony/Documents/GitHub/GrimoireRepo/WizardDOOMClone/Content/3DAssets/FloorBridge/standardSurface1_roughness.ubulk" 1719
"C:/Users/Anthony/Documents/GitHub/GrimoireRepo/WizardDOOMClone/Content/3DAssets/FloorBridge/standardSurface1_roughness.uasset" 1720
"C:/Users/Anthony/Documents/GitHub/GrimoireRepo/WizardDOOMClone/Content/3DAssets/FloorBridge/standardSurface1_roughness.uexp" 1721
"C:/Users/Anthony/Documents/GitHub/GrimoireRepo/WizardDOOMClone/Content/3DAssets/FloorBridge/standardSurface1_metallic.ubulk" 1722
"C:/Users/Anthony/Documents/GitHub/GrimoireRepo/WizardDOOMClone/Content/3DAssets/FloorBridge/standardSurface1_metallic.uasset" 1723
"C:/Users/Anthony/Documents/GitHub/GrimoireRepo/WizardDOOMClone/Content/3DAssets/FloorBridge/standardSurface1_metallic.uexp" 1724
"C:/Users/Anthony/Documents/GitHub/GrimoireRepo/WizardDOOMClone/Content/3DAssets/FloorBridge/standardSurface1_normal.ubulk" 1725
"C:/Users/Anthony/Documents/GitHub/GrimoireRepo/WizardDOOMClone/Content/3DAssets/FloorBridge/standardSurface1_normal.uasset" 1726
"C:/Users/Anthony/Documents/GitHub/GrimoireRepo/WizardDOOMClone/Content/3DAssets/FloorBridge/standardSurface1_normal.uexp" 1727
"C:/Users/Anthony/Documents/GitHub/GrimoireRepo/WizardDOOMClone/Content/3DAssets/FloorBridge/standardSurface1_albedo.ubulk" 1728
"C:/Users/Anthony/Documents/GitHub/GrimoireRepo/WizardDOOMClone/Content/3DAssets/FloorBridge/standardSurface1_albedo.uasset" 1729
"C:/Users/Anthony/Documents/GitHub/GrimoireRepo/WizardDOOMClone/Content/3DAssets/FloorBridge/standardSurface1_albedo.uexp" 1730
"C:/Users/Anthony/Documents/GitHub/GrimoireRepo/WizardDOOMClone/Content/3DAssets/FloorBridge/standardSurface1_AO.ubulk" 1731
"C:/Users/Anthony/Documents/GitHub/GrimoireRepo/WizardDOOMClone/Content/3DAssets/FloorBridge/standardSurface1_AO.uasset" 1732
"C:/Users/Anthony/Documents/GitHub/GrimoireRepo/WizardDOOMClone/Content/3DAssets/FloorBridge/standardSurface1_AO.uexp" 1733
"C:/Users/Anthony/Documents/GitHub/GrimoireRepo/WizardDOOMClone/Content/3DAssets/FloorBridge/standardSurface1.uasset" 1734
"C:/Users/Anthony/Documents/GitHub/GrimoireRepo/WizardDOOMClone/Content/3DAssets/FloorBridge/standardSurface1.uexp" 1735
"C:/Users/Anthony/Documents/GitHub/GrimoireRepo/WizardDOOMClone/Content/3DAssets/FloorBridge/Floor.ubulk" 1736
"C:/Users/Anthony/Documents/GitHub/GrimoireRepo/WizardDOOMClone/Content/3DAssets/FloorBridge/Floor.uasset" 1737
"C:/Users/Anthony/Documents/GitHub/GrimoireRepo/WizardDOOMClone/Content/3DAssets/FloorBridge/Floor.uexp" 1738
"C:/Users/Anthony/Documents/GitHub/GrimoireRepo/WizardDOOMClone/Content/3DAssets/TowerPackage_01/TowerTopFall_8x8/TowerTop_02_low_standardSurface2_OcclusionRoughnessMetallic.ubulk" 1739
"C:/Users/Anthony/Documents/GitHub/GrimoireRepo/WizardDOOMClone/Content/3DAssets/TowerPackage_01/TowerTopFall_8x8/TowerTop_02_low_standardSurface2_OcclusionRoughnessMetallic.uasset" 1740
"C:/Users/Anthony/Documents/GitHub/GrimoireRepo/WizardDOOMClone/Content/3DAssets/TowerPackage_01/TowerTopFall_8x8/TowerTop_02_low_standardSurface2_OcclusionRoughnessMetallic.uexp" 1741
"C:/Users/Anthony/Documents/GitHub/GrimoireRepo/WizardDOOMClone/Content/3DAssets/TowerPackage_01/TowerTopFall_8x8/TowerTop_02_low_standardSurface2_BaseColor.ubulk" 1742
"C:/Users/Anthony/Documents/GitHub/GrimoireRepo/WizardDOOMClone/Content/3DAssets/TowerPackage_01/TowerTopFall_8x8/TowerTop_02_low_standardSurface2_BaseColor.uasset" 1743
"C:/Users/Anthony/Documents/GitHub/GrimoireRepo/WizardDOOMClone/Content/3DAssets/TowerPackage_01/TowerTopFall_8x8/TowerTop_02_low_standardSurface2_BaseColor.uexp" 1744
"C:/Users/Anthony/Documents/GitHub/GrimoireRepo/WizardDOOMClone/Content/3DAssets/TowerPackage_01/TowerTopFall_8x8/TowerTop_02_low_standardSurface2_Emissive.ubulk" 1745
"C:/Users/Anthony/Documents/GitHub/GrimoireRepo/WizardDOOMClone/Content/3DAssets/TowerPackage_01/TowerTopFall_8x8/TowerTop_02_low_standardSurface2_Emissive.uasset" 1746
"C:/Users/Anthony/Documents/GitHub/GrimoireRepo/WizardDOOMClone/Content/3DAssets/TowerPackage_01/TowerTopFall_8x8/TowerTop_02_low_standardSurface2_Emissive.uexp" 1747
"C:/Users/Anthony/Documents/GitHub/GrimoireRepo/WizardDOOMClone/Content/3DAssets/TowerPackage_01/TowerTopFall_8x8/TowerTop_02_low_standardSurface2_Normal.ubulk" 1748
"C:/Users/Anthony/Documents/GitHub/GrimoireRepo/WizardDOOMClone/Content/3DAssets/TowerPackage_01/TowerTopFall_8x8/TowerTop_02_low_standardSurface2_Normal.uasset" 1749
"C:/Users/Anthony/Documents/GitHub/GrimoireRepo/WizardDOOMClone/Content/3DAssets/TowerPackage_01/TowerTopFall_8x8/TowerTop_02_low_standardSurface2_Normal.uexp" 1750
"C:/Users/Anthony/Documents/GitHub/GrimoireRepo/WizardDOOMClone/Content/3DAssets/TowerPackage_01/TowerTopFall_8x8/standardSurface2.uasset" 1751
"C:/Users/Anthony/Documents/GitHub/GrimoireRepo/WizardDOOMClone/Content/3DAssets/TowerPackage_01/TowerTopFall_8x8/standardSurface2.uexp" 1752
"C:/Users/Anthony/Documents/GitHub/GrimoireRepo/WizardDOOMClone/Content/3DAssets/TowerPackage_01/TowerTopFall_8x8/TowerTop_02_low.ubulk" 1753
"C:/Users/Anthony/Documents/GitHub/GrimoireRepo/WizardDOOMClone/Content/3DAssets/TowerPackage_01/TowerTopFall_8x8/TowerTop_02_low.uasset" 1754
"C:/Users/Anthony/Documents/GitHub/GrimoireRepo/WizardDOOMClone/Content/3DAssets/TowerPackage_01/TowerTopFall_8x8/TowerTop_02_low.uexp" 1755
"C:/Users/Anthony/Documents/GitHub/GrimoireRepo/WizardDOOMClone/Content/3DAssets/Pot/standardSurface1_roughness.ubulk" 1756
"C:/Users/Anthony/Documents/GitHub/GrimoireRepo/WizardDOOMClone/Content/3DAssets/Pot/standardSurface1_roughness.uasset" 1757
"C:/Users/Anthony/Documents/GitHub/GrimoireRepo/WizardDOOMClone/Content/3DAssets/Pot/standardSurface1_roughness.uexp" 1758
"C:/Users/Anthony/Documents/GitHub/GrimoireRepo/WizardDOOMClone/Content/3DAssets/Pot/standardSurface1_metallic.ubulk" 1759
"C:/Users/Anthony/Documents/GitHub/GrimoireRepo/WizardDOOMClone/Content/3DAssets/Pot/standardSurface1_metallic.uasset" 1760
"C:/Users/Anthony/Documents/GitHub/GrimoireRepo/WizardDOOMClone/Content/3DAssets/Pot/standardSurface1_metallic.uexp" 1761
"C:/Users/Anthony/Documents/GitHub/GrimoireRepo/WizardDOOMClone/Content/3DAssets/Pot/standardSurface1_albedo.ubulk" 1762
"C:/Users/Anthony/Documents/GitHub/GrimoireRepo/WizardDOOMClone/Content/3DAssets/Pot/standardSurface1_albedo.uasset" 1763
"C:/Users/Anthony/Documents/GitHub/GrimoireRepo/WizardDOOMClone/Content/3DAssets/Pot/standardSurface1_albedo.uexp" 1764
"C:/Users/Anthony/Documents/GitHub/GrimoireRepo/WizardDOOMClone/Content/3DAssets/Pot/standardSurface1_AO.ubulk" 1765
"C:/Users/Anthony/Documents/GitHub/GrimoireRepo/WizardDOOMClone/Content/3DAssets/Pot/standardSurface1_AO.uasset" 1766
"C:/Users/Anthony/Documents/GitHub/GrimoireRepo/WizardDOOMClone/Content/3DAssets/Pot/standardSurface1_AO.uexp" 1767
"C:/Users/Anthony/Documents/GitHub/GrimoireRepo/WizardDOOMClone/Content/3DAssets/Pot/standardSurface1_normal.ubulk" 1768
"C:/Users/Anthony/Documents/GitHub/GrimoireRepo/WizardDOOMClone/Content/3DAssets/Pot/standardSurface1_normal.uasset" 1769
"C:/Users/Anthony/Documents/GitHub/GrimoireRepo/WizardDOOMClone/Content/3DAssets/Pot/standardSurface1_normal.uexp" 1770
"C:/Users/Anthony/Documents/GitHub/GrimoireRepo/WizardDOOMClone/Content/3DAssets/Pot/standardSurface1.uasset" 1771
"C:/Users/Anthony/Documents/GitHub/GrimoireRepo/WizardDOOMClone/Content/3DAssets/Pot/standardSurface1.uexp" 1772
"C:/Users/Anthony/Documents/GitHub/GrimoireRepo/WizardDOOMClone/Content/3DAssets/Pot/Pot.ubulk" 1773
"C:/Users/Anthony/Documents/GitHub/GrimoireRepo/WizardDOOMClone/Content/3DAssets/Pot/Pot.uasset" 1774
"C:/Users/Anthony/Documents/GitHub/GrimoireRepo/WizardDOOMClone/Content/3DAssets/Pot/Pot.uexp" 1775
"C:/Users/Anthony/Documents/GitHub/GrimoireRepo/WizardDOOMClone/Content/MainLevel/Map/_GENERATED/raimu/CubeGridToolOutput_CF984907.ubulk" 1776
"C:/Users/Anthony/Documents/GitHub/GrimoireRepo/WizardDOOMClone/Content/MainLevel/Map/_GENERATED/raimu/CubeGridToolOutput_CF984907.uasset" 1777
"C:/Users/Anthony/Documents/GitHub/GrimoireRepo/WizardDOOMClone/Content/MainLevel/Map/_GENERATED/raimu/CubeGridToolOutput_CF984907.uexp" 1778
"C:/Users/Anthony/Documents/GitHub/GrimoireRepo/WizardDOOMClone/Content/3DAssets/OutdoorWalls_Package_01/OutdoorWallBroken_01/WallBroken8x8_01_low_standardSurface2_BaseColor.ubulk" 1779
"C:/Users/Anthony/Documents/GitHub/GrimoireRepo/WizardDOOMClone/Content/3DAssets/OutdoorWalls_Package_01/OutdoorWallBroken_01/WallBroken8x8_01_low_standardSurface2_BaseColor.uasset" 1780
"C:/Users/Anthony/Documents/GitHub/GrimoireRepo/WizardDOOMClone/Content/3DAssets/OutdoorWalls_Package_01/OutdoorWallBroken_01/WallBroken8x8_01_low_standardSurface2_BaseColor.uexp" 1781
"C:/Users/Anthony/Documents/GitHub/GrimoireRepo/WizardDOOMClone/Content/3DAssets/OutdoorWalls_Package_01/OutdoorWallBroken_01/WallBroken8x8_01_low_standardSurface2_Normal.ubulk" 1782
"C:/Users/Anthony/Documents/GitHub/GrimoireRepo/WizardDOOMClone/Content/3DAssets/OutdoorWalls_Package_01/OutdoorWallBroken_01/WallBroken8x8_01_low_standardSurface2_Normal.uasset" 1783
"C:/Users/Anthony/Documents/GitHub/GrimoireRepo/WizardDOOMClone/Content/3DAssets/OutdoorWalls_Package_01/OutdoorWallBroken_01/WallBroken8x8_01_low_standardSurface2_Normal.uexp" 1784
"C:/Users/Anthony/Documents/GitHub/GrimoireRepo/WizardDOOMClone/Content/3DAssets/OutdoorWalls_Package_01/OutdoorWallBroken_01/WallBroken8x8_01_low_standardSurface2_OcclusionRoughnessMetallic.ubulk" 1785
"C:/Users/Anthony/Documents/GitHub/GrimoireRepo/WizardDOOMClone/Content/3DAssets/OutdoorWalls_Package_01/OutdoorWallBroken_01/WallBroken8x8_01_low_standardSurface2_OcclusionRoughnessMetallic.uasset" 1786
"C:/Users/Anthony/Documents/GitHub/GrimoireRepo/WizardDOOMClone/Content/3DAssets/OutdoorWalls_Package_01/OutdoorWallBroken_01/WallBroken8x8_01_low_standardSurface2_OcclusionRoughnessMetallic.uexp" 1787
"C:/Users/Anthony/Documents/GitHub/GrimoireRepo/WizardDOOMClone/Content/3DAssets/OutdoorWalls_Package_01/OutdoorWallBroken_01/WallBroken8x8_01_low_standardSurface2_Emissive.ubulk" 1788
"C:/Users/Anthony/Documents/GitHub/GrimoireRepo/WizardDOOMClone/Content/3DAssets/OutdoorWalls_Package_01/OutdoorWallBroken_01/WallBroken8x8_01_low_standardSurface2_Emissive.uasset" 1789
"C:/Users/Anthony/Documents/GitHub/GrimoireRepo/WizardDOOMClone/Content/3DAssets/OutdoorWalls_Package_01/OutdoorWallBroken_01/WallBroken8x8_01_low_standardSurface2_Emissive.uexp" 1790
"C:/Users/Anthony/Documents/GitHub/GrimoireRepo/WizardDOOMClone/Content/3DAssets/OutdoorWalls_Package_01/OutdoorWallBroken_01/standardSurface2.uasset" 1791
"C:/Users/Anthony/Documents/GitHub/GrimoireRepo/WizardDOOMClone/Content/3DAssets/OutdoorWalls_Package_01/OutdoorWallBroken_01/standardSurface2.uexp" 1792
"C:/Users/Anthony/Documents/GitHub/GrimoireRepo/WizardDOOMClone/Content/3DAssets/OutdoorWalls_Package_01/OutdoorWallBroken_01/WallBroken8x8_01_low.ubulk" 1793
"C:/Users/Anthony/Documents/GitHub/GrimoireRepo/WizardDOOMClone/Content/3DAssets/OutdoorWalls_Package_01/OutdoorWallBroken_01/WallBroken8x8_01_low.uasset" 1794
"C:/Users/Anthony/Documents/GitHub/GrimoireRepo/WizardDOOMClone/Content/3DAssets/OutdoorWalls_Package_01/OutdoorWallBroken_01/WallBroken8x8_01_low.uexp" 1795
"C:/Users/Anthony/Documents/GitHub/GrimoireRepo/WizardDOOMClone/Content/MainLevel/Map/_GENERATED/raimu/CubeGridToolOutput_DA17CBEC.ubulk" 1796
"C:/Users/Anthony/Documents/GitHub/GrimoireRepo/WizardDOOMClone/Content/MainLevel/Map/_GENERATED/raimu/CubeGridToolOutput_DA17CBEC.uasset" 1797
"C:/Users/Anthony/Documents/GitHub/GrimoireRepo/WizardDOOMClone/Content/MainLevel/Map/_GENERATED/raimu/CubeGridToolOutput_DA17CBEC.uexp" 1798
"C:/Users/Anthony/Documents/GitHub/GrimoireRepo/WizardDOOMClone/Content/MainLevel/Materials/M_Platforms.uasset" 1799
"C:/Users/Anthony/Documents/GitHub/GrimoireRepo/WizardDOOMClone/Content/MainLevel/Materials/M_Platforms.uexp" 1800
"C:/Users/Anthony/Documents/GitHub/GrimoireRepo/WizardDOOMClone/Content/MainLevel/Map/_GENERATED/raimu/Box_84E4D3C6.ubulk" 1801
"C:/Users/Anthony/Documents/GitHub/GrimoireRepo/WizardDOOMClone/Content/MainLevel/Map/_GENERATED/raimu/Box_84E4D3C6.uasset" 1802
"C:/Users/Anthony/Documents/GitHub/GrimoireRepo/WizardDOOMClone/Content/MainLevel/Map/_GENERATED/raimu/Box_84E4D3C6.uexp" 1803
"C:/Users/Anthony/Documents/GitHub/GrimoireRepo/WizardDOOMClone/Content/3DAssets/Cage/standardSurface1_AO.ubulk" 1804
"C:/Users/Anthony/Documents/GitHub/GrimoireRepo/WizardDOOMClone/Content/3DAssets/Cage/standardSurface1_AO.uasset" 1805
"C:/Users/Anthony/Documents/GitHub/GrimoireRepo/WizardDOOMClone/Content/3DAssets/Cage/standardSurface1_AO.uexp" 1806
"C:/Users/Anthony/Documents/GitHub/GrimoireRepo/WizardDOOMClone/Content/3DAssets/Cage/standardSurface1_normal.ubulk" 1807
"C:/Users/Anthony/Documents/GitHub/GrimoireRepo/WizardDOOMClone/Content/3DAssets/Cage/standardSurface1_normal.uasset" 1808
"C:/Users/Anthony/Documents/GitHub/GrimoireRepo/WizardDOOMClone/Content/3DAssets/Cage/standardSurface1_normal.uexp" 1809
"C:/Users/Anthony/Documents/GitHub/GrimoireRepo/WizardDOOMClone/Content/3DAssets/Cage/standardSurface1_roughness.ubulk" 1810
"C:/Users/Anthony/Documents/GitHub/GrimoireRepo/WizardDOOMClone/Content/3DAssets/Cage/standardSurface1_roughness.uasset" 1811
"C:/Users/Anthony/Documents/GitHub/GrimoireRepo/WizardDOOMClone/Content/3DAssets/Cage/standardSurface1_roughness.uexp" 1812
"C:/Users/Anthony/Documents/GitHub/GrimoireRepo/WizardDOOMClone/Content/3DAssets/Cage/standardSurface1_albedo.ubulk" 1813
"C:/Users/Anthony/Documents/GitHub/GrimoireRepo/WizardDOOMClone/Content/3DAssets/Cage/standardSurface1_albedo.uasset" 1814
"C:/Users/Anthony/Documents/GitHub/GrimoireRepo/WizardDOOMClone/Content/3DAssets/Cage/standardSurface1_albedo.uexp" 1815
"C:/Users/Anthony/Documents/GitHub/GrimoireRepo/WizardDOOMClone/Content/3DAssets/Cage/standardSurface1_metallic.ubulk" 1816
"C:/Users/Anthony/Documents/GitHub/GrimoireRepo/WizardDOOMClone/Content/3DAssets/Cage/standardSurface1_metallic.uasset" 1817
"C:/Users/Anthony/Documents/GitHub/GrimoireRepo/WizardDOOMClone/Content/3DAssets/Cage/standardSurface1_metallic.uexp" 1818
"C:/Users/Anthony/Documents/GitHub/GrimoireRepo/WizardDOOMClone/Content/3DAssets/CagePillar/standardSurface1.uasset" 1819
"C:/Users/Anthony/Documents/GitHub/GrimoireRepo/WizardDOOMClone/Content/3DAssets/CagePillar/standardSurface1.uexp" 1820
"C:/Users/Anthony/Documents/GitHub/GrimoireRepo/WizardDOOMClone/Content/3DAssets/CagePillar/CagePillar.ubulk" 1821
"C:/Users/Anthony/Documents/GitHub/GrimoireRepo/WizardDOOMClone/Content/3DAssets/CagePillar/CagePillar.uasset" 1822
"C:/Users/Anthony/Documents/GitHub/GrimoireRepo/WizardDOOMClone/Content/3DAssets/CagePillar/CagePillar.uexp" 1823
"C:/Users/Anthony/Documents/GitHub/GrimoireRepo/WizardDOOMClone/Content/MainLevel/Map/_GENERATED/raimu/CubeGridToolOutput_38034B3E.ubulk" 1824
"C:/Users/Anthony/Documents/GitHub/GrimoireRepo/WizardDOOMClone/Content/MainLevel/Map/_GENERATED/raimu/CubeGridToolOutput_38034B3E.uasset" 1825
"C:/Users/Anthony/Documents/GitHub/GrimoireRepo/WizardDOOMClone/Content/MainLevel/Map/_GENERATED/raimu/CubeGridToolOutput_38034B3E.uexp" 1826
"C:/Users/Anthony/Documents/GitHub/GrimoireRepo/WizardDOOMClone/Content/MainLevel/Map/_GENERATED/raimu/CubeGridToolOutput_06ADD393.ubulk" 1827
"C:/Users/Anthony/Documents/GitHub/GrimoireRepo/WizardDOOMClone/Content/MainLevel/Map/_GENERATED/raimu/CubeGridToolOutput_06ADD393.uasset" 1828
"C:/Users/Anthony/Documents/GitHub/GrimoireRepo/WizardDOOMClone/Content/MainLevel/Map/_GENERATED/raimu/CubeGridToolOutput_06ADD393.uexp" 1829
"C:/Users/Anthony/Documents/GitHub/GrimoireRepo/WizardDOOMClone/Content/LevelPrototyping/Textures/T_GridChecker_A.ubulk" 1830
"C:/Users/Anthony/Documents/GitHub/GrimoireRepo/WizardDOOMClone/Content/LevelPrototyping/Textures/T_GridChecker_A.uasset" 1831
"C:/Users/Anthony/Documents/GitHub/GrimoireRepo/WizardDOOMClone/Content/LevelPrototyping/Textures/T_GridChecker_A.uexp" 1832
"C:/Users/Anthony/Documents/GitHub/GrimoireRepo/WizardDOOMClone/Content/LevelPrototyping/Materials/MF_ProcGrid.uasset" 1833
"C:/Users/Anthony/Documents/GitHub/GrimoireRepo/WizardDOOMClone/Content/LevelPrototyping/Materials/MF_ProcGrid.uexp" 1834
"C:/Users/Anthony/Documents/GitHub/GrimoireRepo/WizardDOOMClone/Content/LevelPrototyping/Materials/M_PrototypeGrid.uasset" 1835
"C:/Users/Anthony/Documents/GitHub/GrimoireRepo/WizardDOOMClone/Content/LevelPrototyping/Materials/M_PrototypeGrid.uexp" 1836
"C:/Users/Anthony/Documents/GitHub/GrimoireRepo/WizardDOOMClone/Content/LevelPrototyping/Materials/MI_PrototypeGrid_Gray.uasset" 1837
"C:/Users/Anthony/Documents/GitHub/GrimoireRepo/WizardDOOMClone/Content/LevelPrototyping/Materials/MI_PrototypeGrid_Gray.uexp" 1838
"C:/Users/Anthony/Documents/GitHub/GrimoireRepo/WizardDOOMClone/Content/LevelPrototyping/Meshes/SM_Cube.ubulk" 1839
"C:/Users/Anthony/Documents/GitHub/GrimoireRepo/WizardDOOMClone/Content/LevelPrototyping/Meshes/SM_Cube.uasset" 1840
"C:/Users/Anthony/Documents/GitHub/GrimoireRepo/WizardDOOMClone/Content/LevelPrototyping/Meshes/SM_Cube.uexp" 1841
"C:/Users/Anthony/Documents/GitHub/GrimoireRepo/WizardDOOMClone/Content/MainLevel/Map/_GENERATED/raimu/Cylinder_E748AADA.ubulk" 1842
"C:/Users/Anthony/Documents/GitHub/GrimoireRepo/WizardDOOMClone/Content/MainLevel/Map/_GENERATED/raimu/Cylinder_E748AADA.uasset" 1843
"C:/Users/Anthony/Documents/GitHub/GrimoireRepo/WizardDOOMClone/Content/MainLevel/Map/_GENERATED/raimu/Cylinder_E748AADA.uexp" 1844
"C:/Users/Anthony/Documents/GitHub/GrimoireRepo/WizardDOOMClone/Content/3DAssets/TowerPackage_01/TowerRoof/TowerRoof_low_standardSurface2_Emissive.ubulk" 1845
"C:/Users/Anthony/Documents/GitHub/GrimoireRepo/WizardDOOMClone/Content/3DAssets/TowerPackage_01/TowerRoof/TowerRoof_low_standardSurface2_Emissive.uasset" 1846
"C:/Users/Anthony/Documents/GitHub/GrimoireRepo/WizardDOOMClone/Content/3DAssets/TowerPackage_01/TowerRoof/TowerRoof_low_standardSurface2_Emissive.uexp" 1847
"C:/Users/Anthony/Documents/GitHub/GrimoireRepo/WizardDOOMClone/Content/3DAssets/TowerPackage_01/TowerRoof/TowerRoof_low_standardSurface2_BaseColor.ubulk" 1848
"C:/Users/Anthony/Documents/GitHub/GrimoireRepo/WizardDOOMClone/Content/3DAssets/TowerPackage_01/TowerRoof/TowerRoof_low_standardSurface2_BaseColor.uasset" 1849
"C:/Users/Anthony/Documents/GitHub/GrimoireRepo/WizardDOOMClone/Content/3DAssets/TowerPackage_01/TowerRoof/TowerRoof_low_standardSurface2_BaseColor.uexp" 1850
"C:/Users/Anthony/Documents/GitHub/GrimoireRepo/WizardDOOMClone/Content/3DAssets/TowerPackage_01/TowerRoof/TowerRoof_low_standardSurface2_OcclusionRoughnessMetallic.ubulk" 1851
"C:/Users/Anthony/Documents/GitHub/GrimoireRepo/WizardDOOMClone/Content/3DAssets/TowerPackage_01/TowerRoof/TowerRoof_low_standardSurface2_OcclusionRoughnessMetallic.uasset" 1852
"C:/Users/Anthony/Documents/GitHub/GrimoireRepo/WizardDOOMClone/Content/3DAssets/TowerPackage_01/TowerRoof/TowerRoof_low_standardSurface2_OcclusionRoughnessMetallic.uexp" 1853
"C:/Users/Anthony/Documents/GitHub/GrimoireRepo/WizardDOOMClone/Content/3DAssets/TowerPackage_01/TowerRoof/TowerRoof_low_standardSurface2_Normal.ubulk" 1854
"C:/Users/Anthony/Documents/GitHub/GrimoireRepo/WizardDOOMClone/Content/3DAssets/TowerPackage_01/TowerRoof/TowerRoof_low_standardSurface2_Normal.uasset" 1855
"C:/Users/Anthony/Documents/GitHub/GrimoireRepo/WizardDOOMClone/Content/3DAssets/TowerPackage_01/TowerRoof/TowerRoof_low_standardSurface2_Normal.uexp" 1856
"C:/Users/Anthony/Documents/GitHub/GrimoireRepo/WizardDOOMClone/Content/3DAssets/TowerPackage_01/TowerRoof/standardSurface2.uasset" 1857
"C:/Users/Anthony/Documents/GitHub/GrimoireRepo/WizardDOOMClone/Content/3DAssets/TowerPackage_01/TowerRoof/standardSurface2.uexp" 1858
"C:/Users/Anthony/Documents/GitHub/GrimoireRepo/WizardDOOMClone/Content/3DAssets/TowerPackage_01/TowerRoof/TowerRoof_low.ubulk" 1859
"C:/Users/Anthony/Documents/GitHub/GrimoireRepo/WizardDOOMClone/Content/3DAssets/TowerPackage_01/TowerRoof/TowerRoof_low.uasset" 1860
"C:/Users/Anthony/Documents/GitHub/GrimoireRepo/WizardDOOMClone/Content/3DAssets/TowerPackage_01/TowerRoof/TowerRoof_low.uexp" 1861
"C:/Users/Anthony/Documents/GitHub/GrimoireRepo/WizardDOOMClone/Content/MainLevel/Map/_GENERATED/raimu/CubeGridToolOutput_A31493F3.ubulk" 1862
"C:/Users/Anthony/Documents/GitHub/GrimoireRepo/WizardDOOMClone/Content/MainLevel/Map/_GENERATED/raimu/CubeGridToolOutput_A31493F3.uasset" 1863
"C:/Users/Anthony/Documents/GitHub/GrimoireRepo/WizardDOOMClone/Content/MainLevel/Map/_GENERATED/raimu/CubeGridToolOutput_A31493F3.uexp" 1864
"C:/Users/Anthony/Documents/GitHub/GrimoireRepo/WizardDOOMClone/Content/3DAssets/WallsAndDoors_Package_01/WallAndDoor_Indoors/WallAndDoor_Low_standardSurface1_Normal.ubulk" 1865
"C:/Users/Anthony/Documents/GitHub/GrimoireRepo/WizardDOOMClone/Content/3DAssets/WallsAndDoors_Package_01/WallAndDoor_Indoors/WallAndDoor_Low_standardSurface1_Normal.uasset" 1866
"C:/Users/Anthony/Documents/GitHub/GrimoireRepo/WizardDOOMClone/Content/3DAssets/WallsAndDoors_Package_01/WallAndDoor_Indoors/WallAndDoor_Low_standardSurface1_Normal.uexp" 1867
"C:/Users/Anthony/Documents/GitHub/GrimoireRepo/WizardDOOMClone/Content/3DAssets/WallsAndDoors_Package_01/WallAndDoor_Indoors/WallAndDoor_Low_standardSurface1_OcclusionRoughnessMetallic.ubulk" 1868
"C:/Users/Anthony/Documents/GitHub/GrimoireRepo/WizardDOOMClone/Content/3DAssets/WallsAndDoors_Package_01/WallAndDoor_Indoors/WallAndDoor_Low_standardSurface1_OcclusionRoughnessMetallic.uasset" 1869
"C:/Users/Anthony/Documents/GitHub/GrimoireRepo/WizardDOOMClone/Content/3DAssets/WallsAndDoors_Package_01/WallAndDoor_Indoors/WallAndDoor_Low_standardSurface1_OcclusionRoughnessMetallic.uexp" 1870
"C:/Users/Anthony/Documents/GitHub/GrimoireRepo/WizardDOOMClone/Content/3DAssets/WallsAndDoors_Package_01/WallAndDoor_Indoors/WallAndDoor_Low_standardSurface1_BaseColor.ubulk" 1871
"C:/Users/Anthony/Documents/GitHub/GrimoireRepo/WizardDOOMClone/Content/3DAssets/WallsAndDoors_Package_01/WallAndDoor_Indoors/WallAndDoor_Low_standardSurface1_BaseColor.uasset" 1872
"C:/Users/Anthony/Documents/GitHub/GrimoireRepo/WizardDOOMClone/Content/3DAssets/WallsAndDoors_Package_01/WallAndDoor_Indoors/WallAndDoor_Low_standardSurface1_BaseColor.uexp" 1873
"C:/Users/Anthony/Documents/GitHub/GrimoireRepo/WizardDOOMClone/Content/3DAssets/WallsAndDoors_Package_01/WallAndDoor_Indoors/WallAndDoor_Low_standardSurface1_Emissive.ubulk" 1874
"C:/Users/Anthony/Documents/GitHub/GrimoireRepo/WizardDOOMClone/Content/3DAssets/WallsAndDoors_Package_01/WallAndDoor_Indoors/WallAndDoor_Low_standardSurface1_Emissive.uasset" 1875
"C:/Users/Anthony/Documents/GitHub/GrimoireRepo/WizardDOOMClone/Content/3DAssets/WallsAndDoors_Package_01/WallAndDoor_Indoors/WallAndDoor_Low_standardSurface1_Emissive.uexp" 1876
"C:/Users/Anthony/Documents/GitHub/GrimoireRepo/WizardDOOMClone/Content/3DAssets/WallsAndDoors_Package_01/WallAndDoor_Indoors/standardSurface2.uasset" 1877
"C:/Users/Anthony/Documents/GitHub/GrimoireRepo/WizardDOOMClone/Content/3DAssets/WallsAndDoors_Package_01/WallAndDoor_Indoors/standardSurface2.uexp" 1878
"C:/Users/Anthony/Documents/GitHub/GrimoireRepo/WizardDOOMClone/Content/3DAssets/WallsAndDoors_Package_01/WallAndDoor_Indoors/WallAndDoor_Low.ubulk" 1879
"C:/Users/Anthony/Documents/GitHub/GrimoireRepo/WizardDOOMClone/Content/3DAssets/WallsAndDoors_Package_01/WallAndDoor_Indoors/WallAndDoor_Low.uasset" 1880
"C:/Users/Anthony/Documents/GitHub/GrimoireRepo/WizardDOOMClone/Content/3DAssets/WallsAndDoors_Package_01/WallAndDoor_Indoors/WallAndDoor_Low.uexp" 1881
"C:/Users/Anthony/Documents/GitHub/GrimoireRepo/WizardDOOMClone/Content/MainLevel/Map/_GENERATED/raimu/CubeGridToolOutput_929FDE7B.ubulk" 1882
"C:/Users/Anthony/Documents/GitHub/GrimoireRepo/WizardDOOMClone/Content/MainLevel/Map/_GENERATED/raimu/CubeGridToolOutput_929FDE7B.uasset" 1883
"C:/Users/Anthony/Documents/GitHub/GrimoireRepo/WizardDOOMClone/Content/MainLevel/Map/_GENERATED/raimu/CubeGridToolOutput_929FDE7B.uexp" 1884
"../../../Engine/Content/EngineMaterials/DefaultDestructiblePhysicalMaterial.uasset" 1885
"../../../Engine/Content/EngineMaterials/DefaultDestructiblePhysicalMaterial.uexp" 1886
"C:/Users/Anthony/Documents/GitHub/GrimoireRepo/WizardDOOMClone/Content/3DAssets/Cage/standardSurface1.uasset" 1887
"C:/Users/Anthony/Documents/GitHub/GrimoireRepo/WizardDOOMClone/Content/3DAssets/Cage/standardSurface1.uexp" 1888
"C:/Users/Anthony/Documents/GitHub/GrimoireRepo/WizardDOOMClone/Content/3DAssets/Cage/Cage.ubulk" 1889
"C:/Users/Anthony/Documents/GitHub/GrimoireRepo/WizardDOOMClone/Content/3DAssets/Cage/Cage.uasset" 1890
"C:/Users/Anthony/Documents/GitHub/GrimoireRepo/WizardDOOMClone/Content/3DAssets/Cage/Cage.uexp" 1891
"C:/Users/Anthony/Documents/GitHub/GrimoireRepo/WizardDOOMClone/Content/MainLevel/Map/_GENERATED/raimu/Box_0E66468C.ubulk" 1892
"C:/Users/Anthony/Documents/GitHub/GrimoireRepo/WizardDOOMClone/Content/MainLevel/Map/_GENERATED/raimu/Box_0E66468C.uasset" 1893
"C:/Users/Anthony/Documents/GitHub/GrimoireRepo/WizardDOOMClone/Content/MainLevel/Map/_GENERATED/raimu/Box_0E66468C.uexp" 1894
"C:/Users/Anthony/Documents/GitHub/GrimoireRepo/WizardDOOMClone/Content/MainLevel/Map/_GENERATED/raimu/Cone_70E9BECC.ubulk" 1895
"C:/Users/Anthony/Documents/GitHub/GrimoireRepo/WizardDOOMClone/Content/MainLevel/Map/_GENERATED/raimu/Cone_70E9BECC.uasset" 1896
"C:/Users/Anthony/Documents/GitHub/GrimoireRepo/WizardDOOMClone/Content/MainLevel/Map/_GENERATED/raimu/Cone_70E9BECC.uexp" 1897
"C:/Users/Anthony/Documents/GitHub/GrimoireRepo/WizardDOOMClone/Content/3DAssets/FloorDungeon/standardSurface1_roughness.ubulk" 1898
"C:/Users/Anthony/Documents/GitHub/GrimoireRepo/WizardDOOMClone/Content/3DAssets/FloorDungeon/standardSurface1_roughness.uasset" 1899
"C:/Users/Anthony/Documents/GitHub/GrimoireRepo/WizardDOOMClone/Content/3DAssets/FloorDungeon/standardSurface1_roughness.uexp" 1900
"C:/Users/Anthony/Documents/GitHub/GrimoireRepo/WizardDOOMClone/Content/3DAssets/FloorDungeon/standardSurface1_AO.ubulk" 1901
"C:/Users/Anthony/Documents/GitHub/GrimoireRepo/WizardDOOMClone/Content/3DAssets/FloorDungeon/standardSurface1_AO.uasset" 1902
"C:/Users/Anthony/Documents/GitHub/GrimoireRepo/WizardDOOMClone/Content/3DAssets/FloorDungeon/standardSurface1_AO.uexp" 1903
"C:/Users/Anthony/Documents/GitHub/GrimoireRepo/WizardDOOMClone/Content/3DAssets/FloorDungeon/standardSurface1_metallic.ubulk" 1904
"C:/Users/Anthony/Documents/GitHub/GrimoireRepo/WizardDOOMClone/Content/3DAssets/FloorDungeon/standardSurface1_metallic.uasset" 1905
"C:/Users/Anthony/Documents/GitHub/GrimoireRepo/WizardDOOMClone/Content/3DAssets/FloorDungeon/standardSurface1_metallic.uexp" 1906
"C:/Users/Anthony/Documents/GitHub/GrimoireRepo/WizardDOOMClone/Content/3DAssets/FloorDungeon/standardSurface1_albedo.ubulk" 1907
"C:/Users/Anthony/Documents/GitHub/GrimoireRepo/WizardDOOMClone/Content/3DAssets/FloorDungeon/standardSurface1_albedo.uasset" 1908
"C:/Users/Anthony/Documents/GitHub/GrimoireRepo/WizardDOOMClone/Content/3DAssets/FloorDungeon/standardSurface1_albedo.uexp" 1909
"C:/Users/Anthony/Documents/GitHub/GrimoireRepo/WizardDOOMClone/Content/3DAssets/FloorDungeon/standardSurface1_normal.ubulk" 1910
"C:/Users/Anthony/Documents/GitHub/GrimoireRepo/WizardDOOMClone/Content/3DAssets/FloorDungeon/standardSurface1_normal.uasset" 1911
"C:/Users/Anthony/Documents/GitHub/GrimoireRepo/WizardDOOMClone/Content/3DAssets/FloorDungeon/standardSurface1_normal.uexp" 1912
"C:/Users/Anthony/Documents/GitHub/GrimoireRepo/WizardDOOMClone/Content/3DAssets/FloorDungeon/standardSurface1.uasset" 1913
"C:/Users/Anthony/Documents/GitHub/GrimoireRepo/WizardDOOMClone/Content/3DAssets/FloorDungeon/standardSurface1.uexp" 1914
"C:/Users/Anthony/Documents/GitHub/GrimoireRepo/WizardDOOMClone/Content/3DAssets/FloorDungeon/Floor.ubulk" 1915
"C:/Users/Anthony/Documents/GitHub/GrimoireRepo/WizardDOOMClone/Content/3DAssets/FloorDungeon/Floor.uasset" 1916
"C:/Users/Anthony/Documents/GitHub/GrimoireRepo/WizardDOOMClone/Content/3DAssets/FloorDungeon/Floor.uexp" 1917
"C:/Users/Anthony/Documents/GitHub/GrimoireRepo/WizardDOOMClone/Content/MainLevel/Map/_GENERATED/raimu/CubeGridToolOutput_1DE0F62B.ubulk" 1918
"C:/Users/Anthony/Documents/GitHub/GrimoireRepo/WizardDOOMClone/Content/MainLevel/Map/_GENERATED/raimu/CubeGridToolOutput_1DE0F62B.uasset" 1919
"C:/Users/Anthony/Documents/GitHub/GrimoireRepo/WizardDOOMClone/Content/MainLevel/Map/_GENERATED/raimu/CubeGridToolOutput_1DE0F62B.uexp" 1920
"C:/Users/Anthony/Documents/GitHub/GrimoireRepo/WizardDOOMClone/Content/MainLevel/Map/_GENERATED/raimu/CubeGridToolOutput_98637E94.ubulk" 1921
"C:/Users/Anthony/Documents/GitHub/GrimoireRepo/WizardDOOMClone/Content/MainLevel/Map/_GENERATED/raimu/CubeGridToolOutput_98637E94.uasset" 1922
"C:/Users/Anthony/Documents/GitHub/GrimoireRepo/WizardDOOMClone/Content/MainLevel/Map/_GENERATED/raimu/CubeGridToolOutput_98637E94.uexp" 1923
"C:/Users/Anthony/Documents/GitHub/GrimoireRepo/WizardDOOMClone/Content/3DAssets/TowerPackage_01/TowerSquareWindow_8x8/TowerWallSquareWindow_low_standardSurface2_OcclusionRoughnessMetallic.ubulk" 1924
"C:/Users/Anthony/Documents/GitHub/GrimoireRepo/WizardDOOMClone/Content/3DAssets/TowerPackage_01/TowerSquareWindow_8x8/TowerWallSquareWindow_low_standardSurface2_OcclusionRoughnessMetallic.uasset" 1925
"C:/Users/Anthony/Documents/GitHub/GrimoireRepo/WizardDOOMClone/Content/3DAssets/TowerPackage_01/TowerSquareWindow_8x8/TowerWallSquareWindow_low_standardSurface2_OcclusionRoughnessMetallic.uexp" 1926
"C:/Users/Anthony/Documents/GitHub/GrimoireRepo/WizardDOOMClone/Content/3DAssets/TowerPackage_01/TowerSquareWindow_8x8/TowerWallSquareWindow_low_standardSurface2_Normal.ubulk" 1927
"C:/Users/Anthony/Documents/GitHub/GrimoireRepo/WizardDOOMClone/Content/3DAssets/TowerPackage_01/TowerSquareWindow_8x8/TowerWallSquareWindow_low_standardSurface2_Normal.uasset" 1928
"C:/Users/Anthony/Documents/GitHub/GrimoireRepo/WizardDOOMClone/Content/3DAssets/TowerPackage_01/TowerSquareWindow_8x8/TowerWallSquareWindow_low_standardSurface2_Normal.uexp" 1929
"C:/Users/Anthony/Documents/GitHub/GrimoireRepo/WizardDOOMClone/Content/3DAssets/TowerPackage_01/TowerSquareWindow_8x8/TowerWallSquareWindow_low_standardSurface2_Emissive.ubulk" 1930
"C:/Users/Anthony/Documents/GitHub/GrimoireRepo/WizardDOOMClone/Content/3DAssets/TowerPackage_01/TowerSquareWindow_8x8/TowerWallSquareWindow_low_standardSurface2_Emissive.uasset" 1931
"C:/Users/Anthony/Documents/GitHub/GrimoireRepo/WizardDOOMClone/Content/3DAssets/TowerPackage_01/TowerSquareWindow_8x8/TowerWallSquareWindow_low_standardSurface2_Emissive.uexp" 1932
"C:/Users/Anthony/Documents/GitHub/GrimoireRepo/WizardDOOMClone/Content/3DAssets/TowerPackage_01/TowerSquareWindow_8x8/TowerWallSquareWindow_low_standardSurface2_BaseColor.ubulk" 1933
"C:/Users/Anthony/Documents/GitHub/GrimoireRepo/WizardDOOMClone/Content/3DAssets/TowerPackage_01/TowerSquareWindow_8x8/TowerWallSquareWindow_low_standardSurface2_BaseColor.uasset" 1934
"C:/Users/Anthony/Documents/GitHub/GrimoireRepo/WizardDOOMClone/Content/3DAssets/TowerPackage_01/TowerSquareWindow_8x8/TowerWallSquareWindow_low_standardSurface2_BaseColor.uexp" 1935
"C:/Users/Anthony/Documents/GitHub/GrimoireRepo/WizardDOOMClone/Content/3DAssets/TowerPackage_01/TowerSquareWindow_8x8/standardSurface2.uasset" 1936
"C:/Users/Anthony/Documents/GitHub/GrimoireRepo/WizardDOOMClone/Content/3DAssets/TowerPackage_01/TowerSquareWindow_8x8/standardSurface2.uexp" 1937
"C:/Users/Anthony/Documents/GitHub/GrimoireRepo/WizardDOOMClone/Content/3DAssets/TowerPackage_01/TowerSquareWindow_8x8/TowerWallSquareWindow_low.ubulk" 1938
"C:/Users/Anthony/Documents/GitHub/GrimoireRepo/WizardDOOMClone/Content/3DAssets/TowerPackage_01/TowerSquareWindow_8x8/TowerWallSquareWindow_low.uasset" 1939
"C:/Users/Anthony/Documents/GitHub/GrimoireRepo/WizardDOOMClone/Content/3DAssets/TowerPackage_01/TowerSquareWindow_8x8/TowerWallSquareWindow_low.uexp" 1940
"C:/Users/Anthony/Documents/GitHub/GrimoireRepo/WizardDOOMClone/Content/MainLevel/Materials/M_Enemy.uasset" 1941
"C:/Users/Anthony/Documents/GitHub/GrimoireRepo/WizardDOOMClone/Content/MainLevel/Materials/M_Enemy.uexp" 1942
"C:/Users/Anthony/Documents/GitHub/GrimoireRepo/WizardDOOMClone/Content/MainLevel/Map/_GENERATED/raimu/Cone_0A06A3F9.ubulk" 1943
"C:/Users/Anthony/Documents/GitHub/GrimoireRepo/WizardDOOMClone/Content/MainLevel/Map/_GENERATED/raimu/Cone_0A06A3F9.uasset" 1944
"C:/Users/Anthony/Documents/GitHub/GrimoireRepo/WizardDOOMClone/Content/MainLevel/Map/_GENERATED/raimu/Cone_0A06A3F9.uexp" 1945
"../../../Engine/Plugins/2D/Paper2D/Content/TranslucentUnlitSpriteMaterial.uasset" 1946
"../../../Engine/Plugins/2D/Paper2D/Content/TranslucentUnlitSpriteMaterial.uexp" 1947
"C:/Users/Anthony/Documents/GitHub/GrimoireRepo/WizardDOOMClone/Content/MainLevel/TexttureImages/prison_bars-removebg-preview.uasset" 1948
"C:/Users/Anthony/Documents/GitHub/GrimoireRepo/WizardDOOMClone/Content/MainLevel/TexttureImages/prison_bars-removebg-preview.uexp" 1949
"C:/Users/Anthony/Documents/GitHub/GrimoireRepo/WizardDOOMClone/Content/MainLevel/TexttureImages/prison_bars-removebg-preview_Sprite.uasset" 1950
"C:/Users/Anthony/Documents/GitHub/GrimoireRepo/WizardDOOMClone/Content/MainLevel/TexttureImages/prison_bars-removebg-preview_Sprite.uexp" 1951
"C:/Users/Anthony/Documents/GitHub/GrimoireRepo/WizardDOOMClone/Content/MainLevel/Map/_GENERATED/raimu/Box_2109A5DB.ubulk" 1952
"C:/Users/Anthony/Documents/GitHub/GrimoireRepo/WizardDOOMClone/Content/MainLevel/Map/_GENERATED/raimu/Box_2109A5DB.uasset" 1953
"C:/Users/Anthony/Documents/GitHub/GrimoireRepo/WizardDOOMClone/Content/MainLevel/Map/_GENERATED/raimu/Box_2109A5DB.uexp" 1954
"C:/Users/Anthony/Documents/GitHub/GrimoireRepo/WizardDOOMClone/Content/MainLevel/Map/_GENERATED/raimu/Cylinder_04CD3D19.ubulk" 1955
"C:/Users/Anthony/Documents/GitHub/GrimoireRepo/WizardDOOMClone/Content/MainLevel/Map/_GENERATED/raimu/Cylinder_04CD3D19.uasset" 1956
"C:/Users/Anthony/Documents/GitHub/GrimoireRepo/WizardDOOMClone/Content/MainLevel/Map/_GENERATED/raimu/Cylinder_04CD3D19.uexp" 1957
"C:/Users/Anthony/Documents/GitHub/GrimoireRepo/WizardDOOMClone/Content/MainLevel/Map/_GENERATED/raimu/CubeGridToolOutput_2A308424.ubulk" 1958
"C:/Users/Anthony/Documents/GitHub/GrimoireRepo/WizardDOOMClone/Content/MainLevel/Map/_GENERATED/raimu/CubeGridToolOutput_2A308424.uasset" 1959
"C:/Users/Anthony/Documents/GitHub/GrimoireRepo/WizardDOOMClone/Content/MainLevel/Map/_GENERATED/raimu/CubeGridToolOutput_2A308424.uexp" 1960
"C:/Users/Anthony/Documents/GitHub/GrimoireRepo/WizardDOOMClone/Content/MainLevel/Map/_GENERATED/raimu/CubeGridToolOutput_743441C7.ubulk" 1961
"C:/Users/Anthony/Documents/GitHub/GrimoireRepo/WizardDOOMClone/Content/MainLevel/Map/_GENERATED/raimu/CubeGridToolOutput_743441C7.uasset" 1962
"C:/Users/Anthony/Documents/GitHub/GrimoireRepo/WizardDOOMClone/Content/MainLevel/Map/_GENERATED/raimu/CubeGridToolOutput_743441C7.uexp" 1963
"C:/Users/Anthony/Documents/GitHub/GrimoireRepo/WizardDOOMClone/Content/MainLevel/Map/_GENERATED/raimu/Box_6A29CE67.ubulk" 1964
"C:/Users/Anthony/Documents/GitHub/GrimoireRepo/WizardDOOMClone/Content/MainLevel/Map/_GENERATED/raimu/Box_6A29CE67.uasset" 1965
"C:/Users/Anthony/Documents/GitHub/GrimoireRepo/WizardDOOMClone/Content/MainLevel/Map/_GENERATED/raimu/Box_6A29CE67.uexp" 1966
"C:/Users/Anthony/Documents/GitHub/GrimoireRepo/WizardDOOMClone/Content/MainLevel/TexttureImages/castle_tower_9-removebg-preview.uasset" 1967
"C:/Users/Anthony/Documents/GitHub/GrimoireRepo/WizardDOOMClone/Content/MainLevel/TexttureImages/castle_tower_9-removebg-preview.uexp" 1968
"C:/Users/Anthony/Documents/GitHub/GrimoireRepo/WizardDOOMClone/Content/MainLevel/TexttureImages/castle_tower_9-removebg-preview_Sprite.uasset" 1969
"C:/Users/Anthony/Documents/GitHub/GrimoireRepo/WizardDOOMClone/Content/MainLevel/TexttureImages/castle_tower_9-removebg-preview_Sprite.uexp" 1970
"C:/Users/Anthony/Documents/GitHub/GrimoireRepo/WizardDOOMClone/Content/MainLevel/Map/_GENERATED/raimu/CubeGridToolOutput_EDE6C970.ubulk" 1971
"C:/Users/Anthony/Documents/GitHub/GrimoireRepo/WizardDOOMClone/Content/MainLevel/Map/_GENERATED/raimu/CubeGridToolOutput_EDE6C970.uasset" 1972
"C:/Users/Anthony/Documents/GitHub/GrimoireRepo/WizardDOOMClone/Content/MainLevel/Map/_GENERATED/raimu/CubeGridToolOutput_EDE6C970.uexp" 1973
"C:/Users/Anthony/Documents/GitHub/GrimoireRepo/WizardDOOMClone/Content/MainLevel/Map/_GENERATED/raimu/Stairs_F105D4D1.ubulk" 1974
"C:/Users/Anthony/Documents/GitHub/GrimoireRepo/WizardDOOMClone/Content/MainLevel/Map/_GENERATED/raimu/Stairs_F105D4D1.uasset" 1975
"C:/Users/Anthony/Documents/GitHub/GrimoireRepo/WizardDOOMClone/Content/MainLevel/Map/_GENERATED/raimu/Stairs_F105D4D1.uexp" 1976
"C:/Users/Anthony/Documents/GitHub/GrimoireRepo/WizardDOOMClone/Content/MainLevel/Map/_GENERATED/raimu/Cylinder_F9F47C9D.ubulk" 1977
"C:/Users/Anthony/Documents/GitHub/GrimoireRepo/WizardDOOMClone/Content/MainLevel/Map/_GENERATED/raimu/Cylinder_F9F47C9D.uasset" 1978
"C:/Users/Anthony/Documents/GitHub/GrimoireRepo/WizardDOOMClone/Content/MainLevel/Map/_GENERATED/raimu/Cylinder_F9F47C9D.uexp" 1979
"C:/Users/Anthony/Documents/GitHub/GrimoireRepo/WizardDOOMClone/Content/MainLevel/Map/_GENERATED/raimu/CubeGridToolOutput_448067CF.ubulk" 1980
"C:/Users/Anthony/Documents/GitHub/GrimoireRepo/WizardDOOMClone/Content/MainLevel/Map/_GENERATED/raimu/CubeGridToolOutput_448067CF.uasset" 1981
"C:/Users/Anthony/Documents/GitHub/GrimoireRepo/WizardDOOMClone/Content/MainLevel/Map/_GENERATED/raimu/CubeGridToolOutput_448067CF.uexp" 1982
"C:/Users/Anthony/Documents/GitHub/GrimoireRepo/WizardDOOMClone/Content/3DAssets/WallsAndDoors_Package_01/WallAndDoor_Outdoor/WallAndDoor_Low_standardSurface1_Normal.ubulk" 1983
"C:/Users/Anthony/Documents/GitHub/GrimoireRepo/WizardDOOMClone/Content/3DAssets/WallsAndDoors_Package_01/WallAndDoor_Outdoor/WallAndDoor_Low_standardSurface1_Normal.uasset" 1984
"C:/Users/Anthony/Documents/GitHub/GrimoireRepo/WizardDOOMClone/Content/3DAssets/WallsAndDoors_Package_01/WallAndDoor_Outdoor/WallAndDoor_Low_standardSurface1_Normal.uexp" 1985
"C:/Users/Anthony/Documents/GitHub/GrimoireRepo/WizardDOOMClone/Content/3DAssets/WallsAndDoors_Package_01/WallAndDoor_Outdoor/WallAndDoor_Low_standardSurface1_Emissive.ubulk" 1986
"C:/Users/Anthony/Documents/GitHub/GrimoireRepo/WizardDOOMClone/Content/3DAssets/WallsAndDoors_Package_01/WallAndDoor_Outdoor/WallAndDoor_Low_standardSurface1_Emissive.uasset" 1987
"C:/Users/Anthony/Documents/GitHub/GrimoireRepo/WizardDOOMClone/Content/3DAssets/WallsAndDoors_Package_01/WallAndDoor_Outdoor/WallAndDoor_Low_standardSurface1_Emissive.uexp" 1988
"C:/Users/Anthony/Documents/GitHub/GrimoireRepo/WizardDOOMClone/Content/3DAssets/WallsAndDoors_Package_01/WallAndDoor_Outdoor/WallAndDoor_Low_standardSurface1_BaseColor.ubulk" 1989
"C:/Users/Anthony/Documents/GitHub/GrimoireRepo/WizardDOOMClone/Content/3DAssets/WallsAndDoors_Package_01/WallAndDoor_Outdoor/WallAndDoor_Low_standardSurface1_BaseColor.uasset" 1990
"C:/Users/Anthony/Documents/GitHub/GrimoireRepo/WizardDOOMClone/Content/3DAssets/WallsAndDoors_Package_01/WallAndDoor_Outdoor/WallAndDoor_Low_standardSurface1_BaseColor.uexp" 1991
"C:/Users/Anthony/Documents/GitHub/GrimoireRepo/WizardDOOMClone/Content/3DAssets/WallsAndDoors_Package_01/WallAndDoor_Outdoor/WallAndDoor_Low_standardSurface1_OcclusionRoughnessMetallic.ubulk" 1992
"C:/Users/Anthony/Documents/GitHub/GrimoireRepo/WizardDOOMClone/Content/3DAssets/WallsAndDoors_Package_01/WallAndDoor_Outdoor/WallAndDoor_Low_standardSurface1_OcclusionRoughnessMetallic.uasset" 1993
"C:/Users/Anthony/Documents/GitHub/GrimoireRepo/WizardDOOMClone/Content/3DAssets/WallsAndDoors_Package_01/WallAndDoor_Outdoor/WallAndDoor_Low_standardSurface1_OcclusionRoughnessMetallic.uexp" 1994
"C:/Users/Anthony/Documents/GitHub/GrimoireRepo/WizardDOOMClone/Content/3DAssets/WallsAndDoors_Package_01/WallAndDoor_Outdoor/standardSurface2.uasset" 1995
"C:/Users/Anthony/Documents/GitHub/GrimoireRepo/WizardDOOMClone/Content/3DAssets/WallsAndDoors_Package_01/WallAndDoor_Outdoor/standardSurface2.uexp" 1996
"C:/Users/Anthony/Documents/GitHub/GrimoireRepo/WizardDOOMClone/Content/3DAssets/WallsAndDoors_Package_01/WallAndDoor_Outdoor/WallAndDoor_Outdoor_Low.ubulk" 1997
"C:/Users/Anthony/Documents/GitHub/GrimoireRepo/WizardDOOMClone/Content/3DAssets/WallsAndDoors_Package_01/WallAndDoor_Outdoor/WallAndDoor_Outdoor_Low.uasset" 1998
"C:/Users/Anthony/Documents/GitHub/GrimoireRepo/WizardDOOMClone/Content/3DAssets/WallsAndDoors_Package_01/WallAndDoor_Outdoor/WallAndDoor_Outdoor_Low.uexp" 1999
"C:/Users/Anthony/Documents/GitHub/GrimoireRepo/WizardDOOMClone/Content/MainLevel/Map/_GENERATED/raimu/CubeGridToolOutput_02D2268C.ubulk" 2000
"C:/Users/Anthony/Documents/GitHub/GrimoireRepo/WizardDOOMClone/Content/MainLevel/Map/_GENERATED/raimu/CubeGridToolOutput_02D2268C.uasset" 2001
"C:/Users/Anthony/Documents/GitHub/GrimoireRepo/WizardDOOMClone/Content/MainLevel/Map/_GENERATED/raimu/CubeGridToolOutput_02D2268C.uexp" 2002
"C:/Users/Anthony/Documents/GitHub/GrimoireRepo/WizardDOOMClone/Content/MainLevel/Map/_GENERATED/raimu/CubeGridToolOutput_00593AF9.ubulk" 2003
"C:/Users/Anthony/Documents/GitHub/GrimoireRepo/WizardDOOMClone/Content/MainLevel/Map/_GENERATED/raimu/CubeGridToolOutput_00593AF9.uasset" 2004
"C:/Users/Anthony/Documents/GitHub/GrimoireRepo/WizardDOOMClone/Content/MainLevel/Map/_GENERATED/raimu/CubeGridToolOutput_00593AF9.uexp" 2005
"C:/Users/Anthony/Documents/GitHub/GrimoireRepo/WizardDOOMClone/Content/MainLevel/Map/_GENERATED/raimu/CubeGridToolOutput_2243598D.ubulk" 2006
"C:/Users/Anthony/Documents/GitHub/GrimoireRepo/WizardDOOMClone/Content/MainLevel/Map/_GENERATED/raimu/CubeGridToolOutput_2243598D.uasset" 2007
"C:/Users/Anthony/Documents/GitHub/GrimoireRepo/WizardDOOMClone/Content/MainLevel/Map/_GENERATED/raimu/CubeGridToolOutput_2243598D.uexp" 2008
"C:/Users/Anthony/Documents/GitHub/GrimoireRepo/WizardDOOMClone/Content/MainLevel/Map/_GENERATED/raimu/PlaneCutOtherPart_B9220CA1.ubulk" 2009
"C:/Users/Anthony/Documents/GitHub/GrimoireRepo/WizardDOOMClone/Content/MainLevel/Map/_GENERATED/raimu/PlaneCutOtherPart_B9220CA1.uasset" 2010
"C:/Users/Anthony/Documents/GitHub/GrimoireRepo/WizardDOOMClone/Content/MainLevel/Map/_GENERATED/raimu/PlaneCutOtherPart_B9220CA1.uexp" 2011
"C:/Users/Anthony/Documents/GitHub/GrimoireRepo/WizardDOOMClone/Content/MainLevel/Map/_GENERATED/raimu/CubeGridToolOutput_4F8E0318.ubulk" 2012
"C:/Users/Anthony/Documents/GitHub/GrimoireRepo/WizardDOOMClone/Content/MainLevel/Map/_GENERATED/raimu/CubeGridToolOutput_4F8E0318.uasset" 2013
"C:/Users/Anthony/Documents/GitHub/GrimoireRepo/WizardDOOMClone/Content/MainLevel/Map/_GENERATED/raimu/CubeGridToolOutput_4F8E0318.uexp" 2014
"C:/Users/Anthony/Documents/GitHub/GrimoireRepo/WizardDOOMClone/Content/LevelPrototyping/Meshes/SM_Ramp.ubulk" 2015
"C:/Users/Anthony/Documents/GitHub/GrimoireRepo/WizardDOOMClone/Content/LevelPrototyping/Meshes/SM_Ramp.uasset" 2016
"C:/Users/Anthony/Documents/GitHub/GrimoireRepo/WizardDOOMClone/Content/LevelPrototyping/Meshes/SM_Ramp.uexp" 2017
"C:/Users/Anthony/Documents/GitHub/GrimoireRepo/WizardDOOMClone/Content/LevelPrototyping/Meshes/SM_Cylinder.ubulk" 2018
"C:/Users/Anthony/Documents/GitHub/GrimoireRepo/WizardDOOMClone/Content/LevelPrototyping/Meshes/SM_Cylinder.uasset" 2019
"C:/Users/Anthony/Documents/GitHub/GrimoireRepo/WizardDOOMClone/Content/LevelPrototyping/Meshes/SM_Cylinder.uexp" 2020
"C:/Users/Anthony/Documents/GitHub/GrimoireRepo/WizardDOOMClone/Content/Misc/NewDataLayerAsset.uasset" 2021
"C:/Users/Anthony/Documents/GitHub/GrimoireRepo/WizardDOOMClone/Content/Misc/NewDataLayerAsset.uexp" 2022
"C:/Users/Anthony/Documents/GitHub/GrimoireRepo/WizardDOOMClone/Content/Map/LVLDesign_ver3.uexp" 2023
"C:/Users/Anthony/Documents/GitHub/GrimoireRepo/WizardDOOMClone/Content/Map/LVLDesign_ver3.ubulk" 2024
"C:/Users/Anthony/Documents/GitHub/GrimoireRepo/WizardDOOMClone/Content/Map/LVLDesign_ver3.umap" 2025
"../../../Engine/Content/Maps/Entry_BuiltData.uasset" 2026
"../../../Engine/Content/Maps/Entry_BuiltData.uexp" 2027
"../../../Engine/Content/Maps/Entry.uexp" 2028
"../../../Engine/Content/Maps/Entry.umap" 2029
"C:/Users/Anthony/Documents/GitHub/GrimoireRepo/WizardDOOMClone/Content/Map/LVLDesign_ver3/_Generated_/CDNUZGGHU5FQ3GBBI9H2TB9F2.uexp" 2030
"C:/Users/Anthony/Documents/GitHub/GrimoireRepo/WizardDOOMClone/Content/Map/LVLDesign_ver3/_Generated_/CDNUZGGHU5FQ3GBBI9H2TB9F2.ubulk" 2031
"C:/Users/Anthony/Documents/GitHub/GrimoireRepo/WizardDOOMClone/Content/Map/LVLDesign_ver3/_Generated_/CDNUZGGHU5FQ3GBBI9H2TB9F2.umap" 2032
"C:/Users/Anthony/Documents/GitHub/GrimoireRepo/WizardDOOMClone/Content/Map/LVLDesign_ver3/_Generated_/5O4OITHY9AZF4FS6JWKAL32N1.uexp" 2033
"C:/Users/Anthony/Documents/GitHub/GrimoireRepo/WizardDOOMClone/Content/Map/LVLDesign_ver3/_Generated_/5O4OITHY9AZF4FS6JWKAL32N1.ubulk" 2034
"C:/Users/Anthony/Documents/GitHub/GrimoireRepo/WizardDOOMClone/Content/Map/LVLDesign_ver3/_Generated_/5O4OITHY9AZF4FS6JWKAL32N1.umap" 2035
"C:/Users/Anthony/Documents/GitHub/GrimoireRepo/WizardDOOMClone/Content/Map/LVLDesign_ver3/_Generated_/APMTUN7QM760YMGE8V67KT9FN.uexp" 2036
"C:/Users/Anthony/Documents/GitHub/GrimoireRepo/WizardDOOMClone/Content/Map/LVLDesign_ver3/_Generated_/APMTUN7QM760YMGE8V67KT9FN.umap" 2037
"C:/Users/Anthony/Documents/GitHub/GrimoireRepo/WizardDOOMClone/Content/Map/LVLDesign_ver3/_Generated_/4XCEJY8URQ6PXJCS9EC93RE4Z.uexp" 2038
"C:/Users/Anthony/Documents/GitHub/GrimoireRepo/WizardDOOMClone/Content/Map/LVLDesign_ver3/_Generated_/4XCEJY8URQ6PXJCS9EC93RE4Z.ubulk" 2039
"C:/Users/Anthony/Documents/GitHub/GrimoireRepo/WizardDOOMClone/Content/Map/LVLDesign_ver3/_Generated_/4XCEJY8URQ6PXJCS9EC93RE4Z.umap" 2040
"C:/Users/Anthony/Documents/GitHub/GrimoireRepo/WizardDOOMClone/Content/Map/LVLDesign_ver3/_Generated_/5OGF08IS7SXR5ZTEJXZNTSCRZ.uexp" 2041
"C:/Users/Anthony/Documents/GitHub/GrimoireRepo/WizardDOOMClone/Content/Map/LVLDesign_ver3/_Generated_/5OGF08IS7SXR5ZTEJXZNTSCRZ.ubulk" 2042
"C:/Users/Anthony/Documents/GitHub/GrimoireRepo/WizardDOOMClone/Content/Map/LVLDesign_ver3/_Generated_/5OGF08IS7SXR5ZTEJXZNTSCRZ.umap" 2043
"C:/Users/Anthony/Documents/GitHub/GrimoireRepo/WizardDOOMClone/Content/Map/LVLDesign_ver3/_Generated_/6X1ROY7KL8D984A7KMIJ9635W.uexp" 2044
"C:/Users/Anthony/Documents/GitHub/GrimoireRepo/WizardDOOMClone/Content/Map/LVLDesign_ver3/_Generated_/6X1ROY7KL8D984A7KMIJ9635W.ubulk" 2045
"C:/Users/Anthony/Documents/GitHub/GrimoireRepo/WizardDOOMClone/Content/Map/LVLDesign_ver3/_Generated_/6X1ROY7KL8D984A7KMIJ9635W.umap" 2046
"C:/Users/Anthony/Documents/GitHub/GrimoireRepo/WizardDOOMClone/Content/Map/LVLDesign_ver3/_Generated_/1KDEFKLJ0E1ZAPGH0IMG4OGW5.uexp" 2047
"C:/Users/Anthony/Documents/GitHub/GrimoireRepo/WizardDOOMClone/Content/Map/LVLDesign_ver3/_Generated_/1KDEFKLJ0E1ZAPGH0IMG4OGW5.ubulk" 2048
"C:/Users/Anthony/Documents/GitHub/GrimoireRepo/WizardDOOMClone/Content/Map/LVLDesign_ver3/_Generated_/1KDEFKLJ0E1ZAPGH0IMG4OGW5.umap" 2049
"C:/Users/Anthony/Documents/GitHub/GrimoireRepo/WizardDOOMClone/Content/Map/LVLDesign_ver3/_Generated_/1UWRFIX3CMUSHHBHX7I78HD1N.uexp" 2050
"C:/Users/Anthony/Documents/GitHub/GrimoireRepo/WizardDOOMClone/Content/Map/LVLDesign_ver3/_Generated_/1UWRFIX3CMUSHHBHX7I78HD1N.ubulk" 2051
"C:/Users/Anthony/Documents/GitHub/GrimoireRepo/WizardDOOMClone/Content/Map/LVLDesign_ver3/_Generated_/1UWRFIX3CMUSHHBHX7I78HD1N.umap" 2052
"C:/Users/Anthony/Documents/GitHub/GrimoireRepo/WizardDOOMClone/Content/Map/LVLDesign_ver3/_Generated_/CKOTR3CXJ8PLP91N3YTSPN02Y.uexp" 2053
"C:/Users/Anthony/Documents/GitHub/GrimoireRepo/WizardDOOMClone/Content/Map/LVLDesign_ver3/_Generated_/CKOTR3CXJ8PLP91N3YTSPN02Y.ubulk" 2054
"C:/Users/Anthony/Documents/GitHub/GrimoireRepo/WizardDOOMClone/Content/Map/LVLDesign_ver3/_Generated_/CKOTR3CXJ8PLP91N3YTSPN02Y.umap" 2055
"C:/Users/Anthony/Documents/GitHub/GrimoireRepo/WizardDOOMClone/Content/Map/LVLDesign_ver3/_Generated_/294FR52VZYHMBY703YH6BXIJ0.uexp" 2056
"C:/Users/Anthony/Documents/GitHub/GrimoireRepo/WizardDOOMClone/Content/Map/LVLDesign_ver3/_Generated_/294FR52VZYHMBY703YH6BXIJ0.ubulk" 2057
"C:/Users/Anthony/Documents/GitHub/GrimoireRepo/WizardDOOMClone/Content/Map/LVLDesign_ver3/_Generated_/294FR52VZYHMBY703YH6BXIJ0.umap" 2058
"C:/Users/Anthony/Documents/GitHub/GrimoireRepo/WizardDOOMClone/Content/Map/LVLDesign_ver3/_Generated_/CKH0GB8LBREZEZ5T54O99Y3OL.uexp" 2059
"C:/Users/Anthony/Documents/GitHub/GrimoireRepo/WizardDOOMClone/Content/Map/LVLDesign_ver3/_Generated_/CKH0GB8LBREZEZ5T54O99Y3OL.ubulk" 2060
"C:/Users/Anthony/Documents/GitHub/GrimoireRepo/WizardDOOMClone/Content/Map/LVLDesign_ver3/_Generated_/CKH0GB8LBREZEZ5T54O99Y3OL.umap" 2061
"C:/Users/Anthony/Documents/GitHub/GrimoireRepo/WizardDOOMClone/Content/Map/LVLDesign_ver3/_Generated_/BC1DLJBXGPJTKH3JXB59EAH52.uexp" 2062
"C:/Users/Anthony/Documents/GitHub/GrimoireRepo/WizardDOOMClone/Content/Map/LVLDesign_ver3/_Generated_/BC1DLJBXGPJTKH3JXB59EAH52.ubulk" 2063
"C:/Users/Anthony/Documents/GitHub/GrimoireRepo/WizardDOOMClone/Content/Map/LVLDesign_ver3/_Generated_/BC1DLJBXGPJTKH3JXB59EAH52.umap" 2064
"C:/Users/Anthony/Documents/GitHub/GrimoireRepo/WizardDOOMClone/Content/Map/LVLDesign_ver3/_Generated_/CU5MYUIP57BR1HUAYDYGVEGQ8.uexp" 2065
"C:/Users/Anthony/Documents/GitHub/GrimoireRepo/WizardDOOMClone/Content/Map/LVLDesign_ver3/_Generated_/CU5MYUIP57BR1HUAYDYGVEGQ8.ubulk" 2066
"C:/Users/Anthony/Documents/GitHub/GrimoireRepo/WizardDOOMClone/Content/Map/LVLDesign_ver3/_Generated_/CU5MYUIP57BR1HUAYDYGVEGQ8.umap" 2067
"C:/Users/Anthony/Documents/GitHub/GrimoireRepo/WizardDOOMClone/Content/Map/LVLDesign_ver3/_Generated_/EKL6D0205Y9VIUTP3IYRP8CHO.uexp" 2068
"C:/Users/Anthony/Documents/GitHub/GrimoireRepo/WizardDOOMClone/Content/Map/LVLDesign_ver3/_Generated_/EKL6D0205Y9VIUTP3IYRP8CHO.umap" 2069
"C:/Users/Anthony/Documents/GitHub/GrimoireRepo/WizardDOOMClone/Content/Map/LVLDesign_ver3/_Generated_/960OW3KGPTVJFAPKV78ZFATSZ.uexp" 2070
"C:/Users/Anthony/Documents/GitHub/GrimoireRepo/WizardDOOMClone/Content/Map/LVLDesign_ver3/_Generated_/960OW3KGPTVJFAPKV78ZFATSZ.ubulk" 2071
"C:/Users/Anthony/Documents/GitHub/GrimoireRepo/WizardDOOMClone/Content/Map/LVLDesign_ver3/_Generated_/960OW3KGPTVJFAPKV78ZFATSZ.umap" 2072
"C:/Users/Anthony/Documents/GitHub/GrimoireRepo/WizardDOOMClone/Content/Map/LVLDesign_ver3/_Generated_/E1DRZLP0S79SXD7RZQEPPC0L9.uexp" 2073
"C:/Users/Anthony/Documents/GitHub/GrimoireRepo/WizardDOOMClone/Content/Map/LVLDesign_ver3/_Generated_/E1DRZLP0S79SXD7RZQEPPC0L9.ubulk" 2074
"C:/Users/Anthony/Documents/GitHub/GrimoireRepo/WizardDOOMClone/Content/Map/LVLDesign_ver3/_Generated_/E1DRZLP0S79SXD7RZQEPPC0L9.umap" 2075
"C:/Users/Anthony/Documents/GitHub/GrimoireRepo/WizardDOOMClone/Content/Map/LVLDesign_ver3/_Generated_/68YZQZJ4WPDPG2NTUOP69UB3G.uexp" 2076
"C:/Users/Anthony/Documents/GitHub/GrimoireRepo/WizardDOOMClone/Content/Map/LVLDesign_ver3/_Generated_/68YZQZJ4WPDPG2NTUOP69UB3G.ubulk" 2077
"C:/Users/Anthony/Documents/GitHub/GrimoireRepo/WizardDOOMClone/Content/Map/LVLDesign_ver3/_Generated_/68YZQZJ4WPDPG2NTUOP69UB3G.umap" 2078
"C:/Users/Anthony/Documents/GitHub/GrimoireRepo/WizardDOOMClone/Content/Map/LVLDesign_ver3/_Generated_/5S73CZ8QDGJT9SZXOOJMUDHT3.uexp" 2079
"C:/Users/Anthony/Documents/GitHub/GrimoireRepo/WizardDOOMClone/Content/Map/LVLDesign_ver3/_Generated_/5S73CZ8QDGJT9SZXOOJMUDHT3.ubulk" 2080
"C:/Users/Anthony/Documents/GitHub/GrimoireRepo/WizardDOOMClone/Content/Map/LVLDesign_ver3/_Generated_/5S73CZ8QDGJT9SZXOOJMUDHT3.umap" 2081
"C:/Users/Anthony/Documents/GitHub/GrimoireRepo/WizardDOOMClone/Content/Map/LVLDesign_ver3/_Generated_/BNC70XAKAQUDEIJBDPZGNO7XP.uexp" 2082
"C:/Users/Anthony/Documents/GitHub/GrimoireRepo/WizardDOOMClone/Content/Map/LVLDesign_ver3/_Generated_/BNC70XAKAQUDEIJBDPZGNO7XP.ubulk" 2083
"C:/Users/Anthony/Documents/GitHub/GrimoireRepo/WizardDOOMClone/Content/Map/LVLDesign_ver3/_Generated_/BNC70XAKAQUDEIJBDPZGNO7XP.umap" 2084
"C:/Users/Anthony/Documents/GitHub/GrimoireRepo/WizardDOOMClone/Content/Map/LVLDesign_ver3/_Generated_/CMXLVG0QPE3KYYDPPA9SCFJPD.uexp" 2085
"C:/Users/Anthony/Documents/GitHub/GrimoireRepo/WizardDOOMClone/Content/Map/LVLDesign_ver3/_Generated_/CMXLVG0QPE3KYYDPPA9SCFJPD.ubulk" 2086
"C:/Users/Anthony/Documents/GitHub/GrimoireRepo/WizardDOOMClone/Content/Map/LVLDesign_ver3/_Generated_/CMXLVG0QPE3KYYDPPA9SCFJPD.umap" 2087
"C:/Users/Anthony/Documents/GitHub/GrimoireRepo/WizardDOOMClone/Content/Map/LVLDesign_ver3/_Generated_/9S2L0I0L2Q0P4ANUM0HJ40JPE.uexp" 2088
"C:/Users/Anthony/Documents/GitHub/GrimoireRepo/WizardDOOMClone/Content/Map/LVLDesign_ver3/_Generated_/9S2L0I0L2Q0P4ANUM0HJ40JPE.ubulk" 2089
"C:/Users/Anthony/Documents/GitHub/GrimoireRepo/WizardDOOMClone/Content/Map/LVLDesign_ver3/_Generated_/9S2L0I0L2Q0P4ANUM0HJ40JPE.umap" 2090
"C:/Users/Anthony/Documents/GitHub/GrimoireRepo/WizardDOOMClone/Content/Map/LVLDesign_ver3/_Generated_/0RWVE6IPI8JODVW6NGIHKQUY7.uexp" 2091
"C:/Users/Anthony/Documents/GitHub/GrimoireRepo/WizardDOOMClone/Content/Map/LVLDesign_ver3/_Generated_/0RWVE6IPI8JODVW6NGIHKQUY7.ubulk" 2092
"C:/Users/Anthony/Documents/GitHub/GrimoireRepo/WizardDOOMClone/Content/Map/LVLDesign_ver3/_Generated_/0RWVE6IPI8JODVW6NGIHKQUY7.umap" 2093
"C:/Users/Anthony/Documents/GitHub/GrimoireRepo/WizardDOOMClone/Content/Map/LVLDesign_ver3/_Generated_/60GEJSNMBC52KCAZ7K2MZE43Z.uexp" 2094
"C:/Users/Anthony/Documents/GitHub/GrimoireRepo/WizardDOOMClone/Content/Map/LVLDesign_ver3/_Generated_/60GEJSNMBC52KCAZ7K2MZE43Z.ubulk" 2095
"C:/Users/Anthony/Documents/GitHub/GrimoireRepo/WizardDOOMClone/Content/Map/LVLDesign_ver3/_Generated_/60GEJSNMBC52KCAZ7K2MZE43Z.umap" 2096
"C:/Users/Anthony/Documents/GitHub/GrimoireRepo/WizardDOOMClone/Content/Map/LVLDesign_ver3/_Generated_/BXSO6IEBX79YLZDYPAFXL62ZL.uexp" 2097
"C:/Users/Anthony/Documents/GitHub/GrimoireRepo/WizardDOOMClone/Content/Map/LVLDesign_ver3/_Generated_/BXSO6IEBX79YLZDYPAFXL62ZL.ubulk" 2098
"C:/Users/Anthony/Documents/GitHub/GrimoireRepo/WizardDOOMClone/Content/Map/LVLDesign_ver3/_Generated_/BXSO6IEBX79YLZDYPAFXL62ZL.umap" 2099
"C:/Users/Anthony/Documents/GitHub/GrimoireRepo/WizardDOOMClone/Content/Map/LVLDesign_ver3/_Generated_/AXV22550URISEA1Y8R5WDADG3.uexp" 2100
"C:/Users/Anthony/Documents/GitHub/GrimoireRepo/WizardDOOMClone/Content/Map/LVLDesign_ver3/_Generated_/AXV22550URISEA1Y8R5WDADG3.ubulk" 2101
"C:/Users/Anthony/Documents/GitHub/GrimoireRepo/WizardDOOMClone/Content/Map/LVLDesign_ver3/_Generated_/AXV22550URISEA1Y8R5WDADG3.umap" 2102
"C:/Users/Anthony/Documents/GitHub/GrimoireRepo/WizardDOOMClone/Content/Map/LVLDesign_ver3/_Generated_/4SRTHUIN5R94J01ZTJ5ELIX7A.uexp" 2103
"C:/Users/Anthony/Documents/GitHub/GrimoireRepo/WizardDOOMClone/Content/Map/LVLDesign_ver3/_Generated_/4SRTHUIN5R94J01ZTJ5ELIX7A.ubulk" 2104
"C:/Users/Anthony/Documents/GitHub/GrimoireRepo/WizardDOOMClone/Content/Map/LVLDesign_ver3/_Generated_/4SRTHUIN5R94J01ZTJ5ELIX7A.umap" 2105
"C:/Users/Anthony/Documents/GitHub/GrimoireRepo/WizardDOOMClone/Content/Map/LVLDesign_ver3/_Generated_/AEIN356URDAAHKHI2YWHZLGW1.uexp" 2106
"C:/Users/Anthony/Documents/GitHub/GrimoireRepo/WizardDOOMClone/Content/Map/LVLDesign_ver3/_Generated_/AEIN356URDAAHKHI2YWHZLGW1.ubulk" 2107
"C:/Users/Anthony/Documents/GitHub/GrimoireRepo/WizardDOOMClone/Content/Map/LVLDesign_ver3/_Generated_/AEIN356URDAAHKHI2YWHZLGW1.umap" 2108
"C:/Users/Anthony/Documents/GitHub/GrimoireRepo/WizardDOOMClone/Content/Map/LVLDesign_ver3/_Generated_/7IAUO2J4M9YJR9V0GG0BDERYA.uexp" 2109
"C:/Users/Anthony/Documents/GitHub/GrimoireRepo/WizardDOOMClone/Content/Map/LVLDesign_ver3/_Generated_/7IAUO2J4M9YJR9V0GG0BDERYA.ubulk" 2110
"C:/Users/Anthony/Documents/GitHub/GrimoireRepo/WizardDOOMClone/Content/Map/LVLDesign_ver3/_Generated_/7IAUO2J4M9YJR9V0GG0BDERYA.umap" 2111
"C:/Users/Anthony/Documents/GitHub/GrimoireRepo/WizardDOOMClone/Content/Map/LVLDesign_ver3/_Generated_/DBRRO28A03EO3320JATVQZR58.uexp" 2112
"C:/Users/Anthony/Documents/GitHub/GrimoireRepo/WizardDOOMClone/Content/Map/LVLDesign_ver3/_Generated_/DBRRO28A03EO3320JATVQZR58.ubulk" 2113
"C:/Users/Anthony/Documents/GitHub/GrimoireRepo/WizardDOOMClone/Content/Map/LVLDesign_ver3/_Generated_/DBRRO28A03EO3320JATVQZR58.umap" 2114
"C:/Users/Anthony/Documents/GitHub/GrimoireRepo/WizardDOOMClone/Content/Map/LVLDesign_ver3/_Generated_/C529VPGGVIJ1WS8INQ4KZ7KW6.uexp" 2115
"C:/Users/Anthony/Documents/GitHub/GrimoireRepo/WizardDOOMClone/Content/Map/LVLDesign_ver3/_Generated_/C529VPGGVIJ1WS8INQ4KZ7KW6.ubulk" 2116
"C:/Users/Anthony/Documents/GitHub/GrimoireRepo/WizardDOOMClone/Content/Map/LVLDesign_ver3/_Generated_/C529VPGGVIJ1WS8INQ4KZ7KW6.umap" 2117
"C:/Users/Anthony/Documents/GitHub/GrimoireRepo/WizardDOOMClone/Content/Map/LVLDesign_ver3/_Generated_/7SGKDKYX54THWQ15XK3E229AJ.uexp" 2118
"C:/Users/Anthony/Documents/GitHub/GrimoireRepo/WizardDOOMClone/Content/Map/LVLDesign_ver3/_Generated_/7SGKDKYX54THWQ15XK3E229AJ.ubulk" 2119
"C:/Users/Anthony/Documents/GitHub/GrimoireRepo/WizardDOOMClone/Content/Map/LVLDesign_ver3/_Generated_/7SGKDKYX54THWQ15XK3E229AJ.umap" 2120
"C:/Users/Anthony/Documents/GitHub/GrimoireRepo/WizardDOOMClone/Content/Map/LVLDesign_ver3/_Generated_/5CF3C4341JAPQ3OA8IQP1P6FK.uexp" 2121
"C:/Users/Anthony/Documents/GitHub/GrimoireRepo/WizardDOOMClone/Content/Map/LVLDesign_ver3/_Generated_/5CF3C4341JAPQ3OA8IQP1P6FK.ubulk" 2122
"C:/Users/Anthony/Documents/GitHub/GrimoireRepo/WizardDOOMClone/Content/Map/LVLDesign_ver3/_Generated_/5CF3C4341JAPQ3OA8IQP1P6FK.umap" 2123
"C:/Users/Anthony/Documents/GitHub/GrimoireRepo/WizardDOOMClone/Content/Map/LVLDesign_ver3/_Generated_/4P3J7FZFCQKKDOPLCDBF1X8IP.uexp" 2124
"C:/Users/Anthony/Documents/GitHub/GrimoireRepo/WizardDOOMClone/Content/Map/LVLDesign_ver3/_Generated_/4P3J7FZFCQKKDOPLCDBF1X8IP.umap" 2125
"C:/Users/Anthony/Documents/GitHub/GrimoireRepo/WizardDOOMClone/Content/Map/LVLDesign_ver3/_Generated_/D3NT45ISTJ20DB9HSO98SXKJI.uexp" 2126
"C:/Users/Anthony/Documents/GitHub/GrimoireRepo/WizardDOOMClone/Content/Map/LVLDesign_ver3/_Generated_/D3NT45ISTJ20DB9HSO98SXKJI.ubulk" 2127
"C:/Users/Anthony/Documents/GitHub/GrimoireRepo/WizardDOOMClone/Content/Map/LVLDesign_ver3/_Generated_/D3NT45ISTJ20DB9HSO98SXKJI.umap" 2128
"C:/Users/Anthony/Documents/GitHub/GrimoireRepo/WizardDOOMClone/Content/Map/LVLDesign_ver3/_Generated_/4VDC4BNM9633UHQ0E5TQZOTPR.uexp" 2129
"C:/Users/Anthony/Documents/GitHub/GrimoireRepo/WizardDOOMClone/Content/Map/LVLDesign_ver3/_Generated_/4VDC4BNM9633UHQ0E5TQZOTPR.ubulk" 2130
"C:/Users/Anthony/Documents/GitHub/GrimoireRepo/WizardDOOMClone/Content/Map/LVLDesign_ver3/_Generated_/4VDC4BNM9633UHQ0E5TQZOTPR.umap" 2131
"C:/Users/Anthony/Documents/GitHub/GrimoireRepo/WizardDOOMClone/Content/Map/LVLDesign_ver3/_Generated_/57NK05OC0DNK1AQ3SD264RUGH.uexp" 2132
"C:/Users/Anthony/Documents/GitHub/GrimoireRepo/WizardDOOMClone/Content/Map/LVLDesign_ver3/_Generated_/57NK05OC0DNK1AQ3SD264RUGH.ubulk" 2133
"C:/Users/Anthony/Documents/GitHub/GrimoireRepo/WizardDOOMClone/Content/Map/LVLDesign_ver3/_Generated_/57NK05OC0DNK1AQ3SD264RUGH.umap" 2134
"C:/Users/Anthony/Documents/GitHub/GrimoireRepo/WizardDOOMClone/Content/Map/LVLDesign_ver3/_Generated_/6A4H04R3CSOFEZ6FG56XN9NH5.uexp" 2135
"C:/Users/Anthony/Documents/GitHub/GrimoireRepo/WizardDOOMClone/Content/Map/LVLDesign_ver3/_Generated_/6A4H04R3CSOFEZ6FG56XN9NH5.ubulk" 2136
"C:/Users/Anthony/Documents/GitHub/GrimoireRepo/WizardDOOMClone/Content/Map/LVLDesign_ver3/_Generated_/6A4H04R3CSOFEZ6FG56XN9NH5.umap" 2137
"C:/Users/Anthony/Documents/GitHub/GrimoireRepo/WizardDOOMClone/Content/Map/LVLDesign_ver3/_Generated_/AW9KB1LDORXHNGQKL7JSF9P84.uexp" 2138
"C:/Users/Anthony/Documents/GitHub/GrimoireRepo/WizardDOOMClone/Content/Map/LVLDesign_ver3/_Generated_/AW9KB1LDORXHNGQKL7JSF9P84.ubulk" 2139
"C:/Users/Anthony/Documents/GitHub/GrimoireRepo/WizardDOOMClone/Content/Map/LVLDesign_ver3/_Generated_/AW9KB1LDORXHNGQKL7JSF9P84.umap" 2140
"C:/Users/Anthony/Documents/GitHub/GrimoireRepo/WizardDOOMClone/Content/Map/LVLDesign_ver3/_Generated_/2HDB1HGCQEA6TKNZB4B9QLXSM.uexp" 2141
"C:/Users/Anthony/Documents/GitHub/GrimoireRepo/WizardDOOMClone/Content/Map/LVLDesign_ver3/_Generated_/2HDB1HGCQEA6TKNZB4B9QLXSM.ubulk" 2142
"C:/Users/Anthony/Documents/GitHub/GrimoireRepo/WizardDOOMClone/Content/Map/LVLDesign_ver3/_Generated_/2HDB1HGCQEA6TKNZB4B9QLXSM.umap" 2143
"C:/Users/Anthony/Documents/GitHub/GrimoireRepo/WizardDOOMClone/Content/Map/LVLDesign_ver3/_Generated_/9V6V7QPOB3003WT9L12QV7K48.uexp" 2144
"C:/Users/Anthony/Documents/GitHub/GrimoireRepo/WizardDOOMClone/Content/Map/LVLDesign_ver3/_Generated_/9V6V7QPOB3003WT9L12QV7K48.ubulk" 2145
"C:/Users/Anthony/Documents/GitHub/GrimoireRepo/WizardDOOMClone/Content/Map/LVLDesign_ver3/_Generated_/9V6V7QPOB3003WT9L12QV7K48.umap" 2146
"C:/Users/Anthony/Documents/GitHub/GrimoireRepo/WizardDOOMClone/Content/Map/LVLDesign_ver3/_Generated_/0MIQA6RGVDXTM5KEW9JGIFUL3.uexp" 2147
"C:/Users/Anthony/Documents/GitHub/GrimoireRepo/WizardDOOMClone/Content/Map/LVLDesign_ver3/_Generated_/0MIQA6RGVDXTM5KEW9JGIFUL3.ubulk" 2148
"C:/Users/Anthony/Documents/GitHub/GrimoireRepo/WizardDOOMClone/Content/Map/LVLDesign_ver3/_Generated_/0MIQA6RGVDXTM5KEW9JGIFUL3.umap" 2149
"C:/Users/Anthony/Documents/GitHub/GrimoireRepo/WizardDOOMClone/Content/Map/LVLDesign_ver3/_Generated_/3PSK89KSN9NQ7CEYMUWUR382X.uexp" 2150
"C:/Users/Anthony/Documents/GitHub/GrimoireRepo/WizardDOOMClone/Content/Map/LVLDesign_ver3/_Generated_/3PSK89KSN9NQ7CEYMUWUR382X.ubulk" 2151
"C:/Users/Anthony/Documents/GitHub/GrimoireRepo/WizardDOOMClone/Content/Map/LVLDesign_ver3/_Generated_/3PSK89KSN9NQ7CEYMUWUR382X.umap" 2152
"C:/Users/Anthony/Documents/GitHub/GrimoireRepo/WizardDOOMClone/Content/Map/LVLDesign_ver3/_Generated_/7WMJ01L9WHK02KI5Q7F42E95T.uexp" 2153
"C:/Users/Anthony/Documents/GitHub/GrimoireRepo/WizardDOOMClone/Content/Map/LVLDesign_ver3/_Generated_/7WMJ01L9WHK02KI5Q7F42E95T.ubulk" 2154
"C:/Users/Anthony/Documents/GitHub/GrimoireRepo/WizardDOOMClone/Content/Map/LVLDesign_ver3/_Generated_/7WMJ01L9WHK02KI5Q7F42E95T.umap" 2155
"C:/Users/Anthony/Documents/GitHub/GrimoireRepo/WizardDOOMClone/Content/Map/LVLDesign_ver3/_Generated_/B3Z4L0RH3VP7VCEX0AEP4KJ63.uexp" 2156
"C:/Users/Anthony/Documents/GitHub/GrimoireRepo/WizardDOOMClone/Content/Map/LVLDesign_ver3/_Generated_/B3Z4L0RH3VP7VCEX0AEP4KJ63.ubulk" 2157
"C:/Users/Anthony/Documents/GitHub/GrimoireRepo/WizardDOOMClone/Content/Map/LVLDesign_ver3/_Generated_/B3Z4L0RH3VP7VCEX0AEP4KJ63.umap" 2158
"C:/Users/Anthony/Documents/GitHub/GrimoireRepo/WizardDOOMClone/Content/Map/LVLDesign_ver3/_Generated_/CSS12AB5II3BI410NT7W99LJV.uexp" 2159
"C:/Users/Anthony/Documents/GitHub/GrimoireRepo/WizardDOOMClone/Content/Map/LVLDesign_ver3/_Generated_/CSS12AB5II3BI410NT7W99LJV.ubulk" 2160
"C:/Users/Anthony/Documents/GitHub/GrimoireRepo/WizardDOOMClone/Content/Map/LVLDesign_ver3/_Generated_/CSS12AB5II3BI410NT7W99LJV.umap" 2161
"C:/Users/Anthony/Documents/GitHub/GrimoireRepo/WizardDOOMClone/Content/Map/LVLDesign_ver3/_Generated_/4LYSRV6PKWR34ENB0GYCUD8OR.uexp" 2162
"C:/Users/Anthony/Documents/GitHub/GrimoireRepo/WizardDOOMClone/Content/Map/LVLDesign_ver3/_Generated_/4LYSRV6PKWR34ENB0GYCUD8OR.ubulk" 2163
"C:/Users/Anthony/Documents/GitHub/GrimoireRepo/WizardDOOMClone/Content/Map/LVLDesign_ver3/_Generated_/4LYSRV6PKWR34ENB0GYCUD8OR.umap" 2164
"C:/Users/Anthony/Documents/GitHub/GrimoireRepo/WizardDOOMClone/Content/Map/LVLDesign_ver3/_Generated_/5226LETL9FMEQUXWCJ2FVLY9X.uexp" 2165
"C:/Users/Anthony/Documents/GitHub/GrimoireRepo/WizardDOOMClone/Content/Map/LVLDesign_ver3/_Generated_/5226LETL9FMEQUXWCJ2FVLY9X.ubulk" 2166
"C:/Users/Anthony/Documents/GitHub/GrimoireRepo/WizardDOOMClone/Content/Map/LVLDesign_ver3/_Generated_/5226LETL9FMEQUXWCJ2FVLY9X.umap" 2167
"C:/Users/Anthony/Documents/GitHub/GrimoireRepo/WizardDOOMClone/Content/Map/LVLDesign_ver3/_Generated_/9WV9V3V2EXIPEBNSBUF1JF1WG.uexp" 2168
"C:/Users/Anthony/Documents/GitHub/GrimoireRepo/WizardDOOMClone/Content/Map/LVLDesign_ver3/_Generated_/9WV9V3V2EXIPEBNSBUF1JF1WG.ubulk" 2169
"C:/Users/Anthony/Documents/GitHub/GrimoireRepo/WizardDOOMClone/Content/Map/LVLDesign_ver3/_Generated_/9WV9V3V2EXIPEBNSBUF1JF1WG.umap" 2170
"C:/Users/Anthony/Documents/GitHub/GrimoireRepo/WizardDOOMClone/Content/Map/LVLDesign_ver3/_Generated_/8D8A4F0RVU6DMOCRU35FUKOCR.uexp" 2171
"C:/Users/Anthony/Documents/GitHub/GrimoireRepo/WizardDOOMClone/Content/Map/LVLDesign_ver3/_Generated_/8D8A4F0RVU6DMOCRU35FUKOCR.ubulk" 2172
"C:/Users/Anthony/Documents/GitHub/GrimoireRepo/WizardDOOMClone/Content/Map/LVLDesign_ver3/_Generated_/8D8A4F0RVU6DMOCRU35FUKOCR.umap" 2173
"C:/Users/Anthony/Documents/GitHub/GrimoireRepo/WizardDOOMClone/Content/Map/LVLDesign_ver3/_Generated_/59CSVDE4PUOUE967T8CM77ZPH.uexp" 2174
"C:/Users/Anthony/Documents/GitHub/GrimoireRepo/WizardDOOMClone/Content/Map/LVLDesign_ver3/_Generated_/59CSVDE4PUOUE967T8CM77ZPH.ubulk" 2175
"C:/Users/Anthony/Documents/GitHub/GrimoireRepo/WizardDOOMClone/Content/Map/LVLDesign_ver3/_Generated_/59CSVDE4PUOUE967T8CM77ZPH.umap" 2176
"C:/Users/Anthony/Documents/GitHub/GrimoireRepo/WizardDOOMClone/Content/Map/LVLDesign_ver3/_Generated_/BDZ88W4VL8OS5CIJZ72YEMXGP.uexp" 2177
"C:/Users/Anthony/Documents/GitHub/GrimoireRepo/WizardDOOMClone/Content/Map/LVLDesign_ver3/_Generated_/BDZ88W4VL8OS5CIJZ72YEMXGP.ubulk" 2178
"C:/Users/Anthony/Documents/GitHub/GrimoireRepo/WizardDOOMClone/Content/Map/LVLDesign_ver3/_Generated_/BDZ88W4VL8OS5CIJZ72YEMXGP.umap" 2179
"C:/Users/Anthony/Documents/GitHub/GrimoireRepo/WizardDOOMClone/Content/Map/LVLDesign_ver3/_Generated_/B6RSFMBHYSXNOZZXWHZ1XS953.uexp" 2180
"C:/Users/Anthony/Documents/GitHub/GrimoireRepo/WizardDOOMClone/Content/Map/LVLDesign_ver3/_Generated_/B6RSFMBHYSXNOZZXWHZ1XS953.ubulk" 2181
"C:/Users/Anthony/Documents/GitHub/GrimoireRepo/WizardDOOMClone/Content/Map/LVLDesign_ver3/_Generated_/B6RSFMBHYSXNOZZXWHZ1XS953.umap" 2182
"C:/Users/Anthony/Documents/GitHub/GrimoireRepo/WizardDOOMClone/Content/Map/LVLDesign_ver3/_Generated_/D4CU2OTFTTKY1480KIBLX08H3.uexp" 2183
"C:/Users/Anthony/Documents/GitHub/GrimoireRepo/WizardDOOMClone/Content/Map/LVLDesign_ver3/_Generated_/D4CU2OTFTTKY1480KIBLX08H3.ubulk" 2184
"C:/Users/Anthony/Documents/GitHub/GrimoireRepo/WizardDOOMClone/Content/Map/LVLDesign_ver3/_Generated_/D4CU2OTFTTKY1480KIBLX08H3.umap" 2185
"C:/Users/Anthony/Documents/GitHub/GrimoireRepo/WizardDOOMClone/Content/Map/LVLDesign_ver3/_Generated_/D22K8QYXZHXU2X0K7T6DGWNMF.uexp" 2186
"C:/Users/Anthony/Documents/GitHub/GrimoireRepo/WizardDOOMClone/Content/Map/LVLDesign_ver3/_Generated_/D22K8QYXZHXU2X0K7T6DGWNMF.ubulk" 2187
"C:/Users/Anthony/Documents/GitHub/GrimoireRepo/WizardDOOMClone/Content/Map/LVLDesign_ver3/_Generated_/D22K8QYXZHXU2X0K7T6DGWNMF.umap" 2188
"C:/Users/Anthony/Documents/GitHub/GrimoireRepo/WizardDOOMClone/Content/Map/LVLDesign_ver3/_Generated_/6A6P3OK727E1CJ9G24R3EIC13.uexp" 2189
"C:/Users/Anthony/Documents/GitHub/GrimoireRepo/WizardDOOMClone/Content/Map/LVLDesign_ver3/_Generated_/6A6P3OK727E1CJ9G24R3EIC13.ubulk" 2190
"C:/Users/Anthony/Documents/GitHub/GrimoireRepo/WizardDOOMClone/Content/Map/LVLDesign_ver3/_Generated_/6A6P3OK727E1CJ9G24R3EIC13.umap" 2191
"C:/Users/Anthony/Documents/GitHub/GrimoireRepo/WizardDOOMClone/Content/Map/LVLDesign_ver3/_Generated_/E1AWQ2GNY9LLAWPENPW6IMZ8D.uexp" 2192
"C:/Users/Anthony/Documents/GitHub/GrimoireRepo/WizardDOOMClone/Content/Map/LVLDesign_ver3/_Generated_/E1AWQ2GNY9LLAWPENPW6IMZ8D.ubulk" 2193
"C:/Users/Anthony/Documents/GitHub/GrimoireRepo/WizardDOOMClone/Content/Map/LVLDesign_ver3/_Generated_/E1AWQ2GNY9LLAWPENPW6IMZ8D.umap" 2194
"C:/Users/Anthony/Documents/GitHub/GrimoireRepo/WizardDOOMClone/Content/Map/LVLDesign_ver3/_Generated_/2RCM155CDP7WN6A7IIDI9DFH4.uexp" 2195
"C:/Users/Anthony/Documents/GitHub/GrimoireRepo/WizardDOOMClone/Content/Map/LVLDesign_ver3/_Generated_/2RCM155CDP7WN6A7IIDI9DFH4.ubulk" 2196
"C:/Users/Anthony/Documents/GitHub/GrimoireRepo/WizardDOOMClone/Content/Map/LVLDesign_ver3/_Generated_/2RCM155CDP7WN6A7IIDI9DFH4.umap" 2197
"C:/Users/Anthony/Documents/GitHub/GrimoireRepo/WizardDOOMClone/Content/Map/LVLDesign_ver3/_Generated_/4YPYVQE67DVN7A3OCQG34V6JJ.uexp" 2198
"C:/Users/Anthony/Documents/GitHub/GrimoireRepo/WizardDOOMClone/Content/Map/LVLDesign_ver3/_Generated_/4YPYVQE67DVN7A3OCQG34V6JJ.ubulk" 2199
"C:/Users/Anthony/Documents/GitHub/GrimoireRepo/WizardDOOMClone/Content/Map/LVLDesign_ver3/_Generated_/4YPYVQE67DVN7A3OCQG34V6JJ.umap" 2200
"C:/Users/Anthony/Documents/GitHub/GrimoireRepo/WizardDOOMClone/Content/Map/LVLDesign_ver3/_Generated_/BU5VKTHG0YCI7X32CFASEODGX.uexp" 2201
"C:/Users/Anthony/Documents/GitHub/GrimoireRepo/WizardDOOMClone/Content/Map/LVLDesign_ver3/_Generated_/BU5VKTHG0YCI7X32CFASEODGX.ubulk" 2202
"C:/Users/Anthony/Documents/GitHub/GrimoireRepo/WizardDOOMClone/Content/Map/LVLDesign_ver3/_Generated_/BU5VKTHG0YCI7X32CFASEODGX.umap" 2203
"C:/Users/Anthony/Documents/GitHub/GrimoireRepo/WizardDOOMClone/Content/Map/LVLDesign_ver3/_Generated_/5859TEPR5YYOSZQF1H84CEBVA.uexp" 2204
"C:/Users/Anthony/Documents/GitHub/GrimoireRepo/WizardDOOMClone/Content/Map/LVLDesign_ver3/_Generated_/5859TEPR5YYOSZQF1H84CEBVA.ubulk" 2205
"C:/Users/Anthony/Documents/GitHub/GrimoireRepo/WizardDOOMClone/Content/Map/LVLDesign_ver3/_Generated_/5859TEPR5YYOSZQF1H84CEBVA.umap" 2206
"C:/Users/Anthony/Documents/GitHub/GrimoireRepo/WizardDOOMClone/Content/Map/LVLDesign_ver3/_Generated_/5H46CF14JNW2Q1BO414ME28ZD.uexp" 2207
"C:/Users/Anthony/Documents/GitHub/GrimoireRepo/WizardDOOMClone/Content/Map/LVLDesign_ver3/_Generated_/5H46CF14JNW2Q1BO414ME28ZD.ubulk" 2208
"C:/Users/Anthony/Documents/GitHub/GrimoireRepo/WizardDOOMClone/Content/Map/LVLDesign_ver3/_Generated_/5H46CF14JNW2Q1BO414ME28ZD.umap" 2209
"C:/Users/Anthony/Documents/GitHub/GrimoireRepo/WizardDOOMClone/Content/Map/LVLDesign_ver3/_Generated_/0XF8MJN0CCF6P7RS7DRY3B0OP.uexp" 2210
"C:/Users/Anthony/Documents/GitHub/GrimoireRepo/WizardDOOMClone/Content/Map/LVLDesign_ver3/_Generated_/0XF8MJN0CCF6P7RS7DRY3B0OP.ubulk" 2211
"C:/Users/Anthony/Documents/GitHub/GrimoireRepo/WizardDOOMClone/Content/Map/LVLDesign_ver3/_Generated_/0XF8MJN0CCF6P7RS7DRY3B0OP.umap" 2212
"C:/Users/Anthony/Documents/GitHub/GrimoireRepo/WizardDOOMClone/Content/Map/LVLDesign_ver3/_Generated_/5VT6H3YI0WOJ3RBIU1SMD23DD.uexp" 2213
"C:/Users/Anthony/Documents/GitHub/GrimoireRepo/WizardDOOMClone/Content/Map/LVLDesign_ver3/_Generated_/5VT6H3YI0WOJ3RBIU1SMD23DD.ubulk" 2214
"C:/Users/Anthony/Documents/GitHub/GrimoireRepo/WizardDOOMClone/Content/Map/LVLDesign_ver3/_Generated_/5VT6H3YI0WOJ3RBIU1SMD23DD.umap" 2215
"C:/Users/Anthony/Documents/GitHub/GrimoireRepo/WizardDOOMClone/Content/Map/LVLDesign_ver3/_Generated_/BZPFEHVF7JBZTLN2N8ZDQ9BZS.uexp" 2216
"C:/Users/Anthony/Documents/GitHub/GrimoireRepo/WizardDOOMClone/Content/Map/LVLDesign_ver3/_Generated_/BZPFEHVF7JBZTLN2N8ZDQ9BZS.ubulk" 2217
"C:/Users/Anthony/Documents/GitHub/GrimoireRepo/WizardDOOMClone/Content/Map/LVLDesign_ver3/_Generated_/BZPFEHVF7JBZTLN2N8ZDQ9BZS.umap" 2218
"C:/Users/Anthony/Documents/GitHub/GrimoireRepo/WizardDOOMClone/Content/Map/LVLDesign_ver3/_Generated_/0A5CMUCSA84YR0NZGVTSL765D.uexp" 2219
"C:/Users/Anthony/Documents/GitHub/GrimoireRepo/WizardDOOMClone/Content/Map/LVLDesign_ver3/_Generated_/0A5CMUCSA84YR0NZGVTSL765D.ubulk" 2220
"C:/Users/Anthony/Documents/GitHub/GrimoireRepo/WizardDOOMClone/Content/Map/LVLDesign_ver3/_Generated_/0A5CMUCSA84YR0NZGVTSL765D.umap" 2221
"C:/Users/Anthony/Documents/GitHub/GrimoireRepo/WizardDOOMClone/Content/Map/LVLDesign_ver3/_Generated_/BPMYUST9JPCYLLSVZULIKNVSW.uexp" 2222
"C:/Users/Anthony/Documents/GitHub/GrimoireRepo/WizardDOOMClone/Content/Map/LVLDesign_ver3/_Generated_/BPMYUST9JPCYLLSVZULIKNVSW.ubulk" 2223
"C:/Users/Anthony/Documents/GitHub/GrimoireRepo/WizardDOOMClone/Content/Map/LVLDesign_ver3/_Generated_/BPMYUST9JPCYLLSVZULIKNVSW.umap" 2224
"C:/Users/Anthony/Documents/GitHub/GrimoireRepo/WizardDOOMClone/Content/Map/LVLDesign_ver3/_Generated_/4ECDB6N1XBM163ZH9YXYYL12A.uexp" 2225
"C:/Users/Anthony/Documents/GitHub/GrimoireRepo/WizardDOOMClone/Content/Map/LVLDesign_ver3/_Generated_/4ECDB6N1XBM163ZH9YXYYL12A.ubulk" 2226
"C:/Users/Anthony/Documents/GitHub/GrimoireRepo/WizardDOOMClone/Content/Map/LVLDesign_ver3/_Generated_/4ECDB6N1XBM163ZH9YXYYL12A.umap" 2227
